FECHA (YYMMDD);HORA (HHMM);Registros validados;Registros preliminares;Registros no validados;
090125;0000;7,96916;;;
090126;0000;5,67666;;;
090127;0000;8,8425;;;
090128;0000;7,31416;;;
090129;0000;4,03917;;;
090130;0000;2,9475;;;
090131;0000;5,13083;;;
090201;0000;4,69416;;;
090202;0000;4,47583;;;
090203;0000;9,4975;;;
090204;0000;3,38416;;;
090205;0000;5,78583;;;
090206;0000;9,60666;;;
090207;0000;4,69416;;;
090208;0000;5,34916;;;
090209;0000;4,69416;;;
090210;0000;5,5675;;;
090211;0000;9,06083;;;
090212;0000;6,11333;;;
090213;0000;4,80333;;;
090214;0000;4,03917;;;
090215;0000;3,93;;;
090216;0000;3,38416;;;
090217;0000;6,44083;;;
090218;0000;6,00416;;;
090219;0000;4,14833;;;
090220;0000;5,02166;;;
090221;0000;3,93;;;
090222;0000;5,24;;;
090223;0000;3,93;;;
090224;0000;8,8425;;;
090225;0000;8,1875;;;
090226;0000;7,64166;;;
090227;0000;5,34916;;;
090228;0000;3,71166;;;
090301;0000;3,71166;;;
090302;0000;3,93;;;
090303;0000;2,72916;;;
090304;0000;8,62416;;;
090305;0000;5,895;;;
090306;0000;5,895;;;
090307;0000;6,11333;;;
090308;0000;4,9125;;;
090309;0000;8,62416;;;
090310;0000;3,93;;;
090311;0000;9,27916;;;
090312;0000;5,67666;;;
090313;0000;6,76833;;;
090314;0000;4,36666;;;
090315;0000;6,76833;;;
090316;0000;3,05666;;;
090317;0000;3,93;;;
090318;0000;4,10087;;;
090319;0000;4,80333;;;
090320;0000;5,02166;;;
090321;0000;6,00416;;;
090322;0000;5,78583;;;
090323;0000;7,205;;;
090324;0000;6,2225;;;
090325;0000;7,64166;;;
090326;0000;7,42333;;;
090327;0000;6,11333;;;
090328;0000;8,40583;;;
090329;0000;6,44083;;;
090330;0000;6,98666;;;
090331;0000;9,60666;;;
090401;0000;5,895;;;
090402;0000;6,65916;;;
090403;0000;;;188,125;
090404;0000;;;97,4629;
090405;0000;;;62,6077;
090406;0000;;;21,0145;
090407;0000;;;47,3593;
090408;0000;6,55;;;
090409;0000;7,75083;;;
090410;0000;5,34916;;;
090411;0000;4,9125;;;
090412;0000;4,36666;;;
090413;0000;5,24;;;
090414;0000;10,48;;;
090415;0000;9,93416;;;
090416;0000;7,42333;;;
090417;0000;5,67666;;;
090418;0000;7,31416;;;
090419;0000;7,75083;;;
090420;0000;8,62416;;;
090421;0000;8,29666;;;
090422;0000;7,96916;;;
090423;0000;10,9167;;;
090424;0000;11,135;;;
090425;0000;14,8467;;;
090426;0000;15,2833;;;
090427;0000;11,8992;;;
090428;0000;13,755;;;
090429;0000;8,07833;;;
090430;0000;5,5675;;;
090501;0000;7,86;;;
090502;0000;5,34916;;;
090503;0000;5,34916;;;
090504;0000;7,86;;;
090505;0000;15,3925;;;
090506;0000;13,3183;;;
090507;0000;5,78583;;;
090508;0000;8,07833;;;
090509;0000;7,96916;;;
090510;0000;7,31416;;;
090511;0000;8,515;;;
090512;0000;7,42333;;;
090513;0000;6,2225;;;
090514;0000;6,11333;;;
090515;0000;10,1525;;;
090516;0000;9,60666;;;
090517;0000;7,42333;;;
090518;0000;7,75083;;;
090519;0000;13,5367;;;
090520;0000;12,2267;;;
090521;0000;11,3533;;;
090522;0000;14,41;;;
090523;0000;12,1175;;;
090524;0000;9,60666;;;
090525;0000;7,96916;;;
090526;0000;6,98666;;;
090527;0000;8,95166;;;
090528;0000;10,8075;;;
090529;0000;8,515;;;
090530;0000;7,75083;;;
090531;0000;11,3533;;;
090601;0000;22,1608;;;
090602;0000;17,2483;;;
090603;0000;16,5933;;;
090604;0000;15,9383;;;
090605;0000;15,6108;;;
090606;0000;13,5367;;;
090607;0000;6,44083;;;
090608;0000;8,29666;;;
090609;0000;14,6283;;;
090610;0000;13,8642;;;
090611;0000;17,03;;;
090612;0000;13,6458;;;
090613;0000;8,515;;;
090614;0000;8,1875;;;
090615;0000;7,96916;;;
090616;0000;8,62416;;;
090617;0000;9,27916;;;
090618;0000;11,135;;;
090619;0000;9,71583;;;
090620;0000;7,31416;;;
090621;0000;9,93416;;;
090622;0000;10,0433;;;
090623;0000;12,9908;;;
090624;0000;12,8817;;;
090625;0000;11,5717;;;
090626;0000;11,135;;;
090627;0000;11,0258;;;
090628;0000;7,5325;;;
090629;0000;8,515;;;
090630;0000;8,1875;;;
090701;0000;3,05666;;;
090702;0000;7,42333;;;
090703;0000;9,4975;;;
090704;0000;6,8775;;;
090705;0000;3,49333;;;
090706;0000;3,38416;;;
090707;0000;4,03917;;;
090708;0000;10,48;;;
090709;0000;8,8425;;;
090710;0000;7,86;;;
090711;0000;10,6983;;;
090712;0000;8,95166;;;
090713;0000;6,33166;;;
090714;0000;5,02166;;;
090715;0000;5,34916;;;
090716;0000;5,67666;;;
090717;0000;3,275;;;
090718;0000;3,16583;;;
090719;0000;2,72916;;;
090720;0000;4,36666;;;
090721;0000;3,16583;;;
090722;0000;3,16583;;;
090723;0000;11,79;;;
090724;0000;18,5583;;;
090725;0000;14,9558;;;
090726;0000;11,3533;;;
090727;0000;12,0083;;;
090728;0000;14,5192;;;
090729;0000;10,2617;;;
090730;0000;9,27916;;;
090731;0000;8,62416;;;
090801;0000;14,6283;;;
090802;0000;10,9167;;;
090803;0000;10,5892;;;
090804;0000;6,98666;;;
090805;0000;;;;
090806;0000;10,0433;;;
090807;0000;9,06083;;;
090808;0000;11,6808;;;
090809;0000;11,6808;;;
090810;0000;16,7025;;;
090811;0000;18,2308;;;
090812;0000;9,38833;;;
090813;0000;8,62416;;;
090814;0000;8,73333;;;
090815;0000;5,45833;;;
090816;0000;6,76833;;;
090817;0000;8,73333;;;
090818;0000;6,76833;;;
090819;0000;6,33166;;;
090820;0000;8,29666;;;
090821;0000;8,515;;;
090822;0000;9,71583;;;
090823;0000;8,62416;;;
090824;0000;10,3708;;;
090825;0000;13,755;;;
090826;0000;16,375;;;
090827;0000;18,4492;;;
090828;0000;14,41;;;
090829;0000;8,515;;;
090830;0000;8,62416;;;
090831;0000;8,62416;;;
090901;0000;8,29666;;;
090902;0000;8,07833;;;
090903;0000;8,515;;;
090904;0000;11,5717;;;
090905;0000;8,40583;;;
090906;0000;7,86;;;
090907;0000;7,64166;;;
090908;0000;10,3708;;;
090909;0000;12,7725;;;
090910;0000;13,2191;;;
090911;0000;9,05091;;;
090912;0000;;;;
090913;0000;2,62;;;
090914;0000;2,62;;;
090915;0000;2,72916;;;
090916;0000;4,14833;;;
090917;0000;2,83833;;;
090918;0000;3,16583;;;
090919;0000;6,00416;;;
090920;0000;7,42333;;;
090921;0000;2,72916;;;
090922;0000;5,24;;;
090923;0000;5,895;;;
090924;0000;4,47583;;;
090925;0000;3,05666;;;
090926;0000;2,72916;;;
090927;0000;2,62;;;
090928;0000;3,38416;;;
090929;0000;6,2225;;;
090930;0000;3,16583;;;
091001;0000;7,96916;;;
091002;0000;2,83833;;;
091003;0000;5,5675;;;
091004;0000;2,9475;;;
091005;0000;2,62;;;
091006;0000;6,8775;;;
091007;0000;2,83833;;;
091008;0000;2,83833;;;
091009;0000;3,6025;;;
091010;0000;2,83833;;;
091011;0000;2,62;;;
091012;0000;7,75083;;;
091013;0000;2,85818;;;
091014;0000;2,62;;;
091015;0000;2,62;;;
091016;0000;;;;
091017;0000;2,62;;;
091018;0000;2,62;;;
091019;0000;5,24;;;
091020;0000;3,49333;;;
091021;0000;4,36666;;;
091022;0000;4,9125;;;
091023;0000;2,62;;;
091024;0000;3,82083;;;
091025;0000;6,00416;;;
091026;0000;6,33166;;;
091027;0000;2,9475;;;
091028;0000;11,135;;;
091029;0000;3,275;;;
091030;0000;3,6025;;;
091031;0000;2,62;;;
091101;0000;2,72916;;;
091102;0000;2,62;;;
091103;0000;2,62;;;
091104;0000;2,83833;;;
091105;0000;2,83833;;;
091106;0000;2,83833;;;
091107;0000;2,72916;;;
091108;0000;2,72916;;;
091109;0000;2,72916;;;
091110;0000;8,8425;;;
091111;0000;2,62;;;
091112;0000;2,9475;;;
091113;0000;2,62;;;
091114;0000;3,49333;;;
091115;0000;4,80333;;;
091116;0000;3,38416;;;
091117;0000;3,6025;;;
091118;0000;3,82083;;;
091119;0000;3,16583;;;
091120;0000;5,45833;;;
091121;0000;5,67666;;;
091122;0000;3,49333;;;
091123;0000;3,82083;;;
091124;0000;2,62;;;
091125;0000;2,62;;;
091126;0000;3,49333;;;
091127;0000;5,02166;;;
091128;0000;3,6025;;;
091129;0000;3,275;;;
091130;0000;4,585;;;
091201;0000;4,14833;;;
091202;0000;6,44083;;;
091203;0000;7,31416;;;
091204;0000;3,82083;;;
091205;0000;3,6025;;;
091206;0000;3,6025;;;
091207;0000;2,83833;;;
091208;0000;2,62;;;
091209;0000;4,03917;;;
091210;0000;5,67666;;;
091211;0000;5,895;;;
091212;0000;7,31416;;;
091213;0000;7,86;;;
091214;0000;6,55;;;
091215;0000;6,76833;;;
091216;0000;7,96916;;;
091217;0000;6,44083;;;
091218;0000;7,64166;;;
091219;0000;6,65916;;;
091220;0000;7,09583;;;
091221;0000;7,64166;;;
091222;0000;7,205;;;
091223;0000;7,205;;;
091224;0000;7,96916;;;
091225;0000;6,11333;;;
091226;0000;6,11333;;;
091227;0000;6,76833;;;
091228;0000;5,78583;;;
091229;0000;6,44083;;;
091230;0000;8,07833;;;
091231;0000;6,55;;;
100101;0000;3,71166;;;
100102;0000;4,03917;;;
100103;0000;5,02166;;;
100104;0000;3,49333;;;
100105;0000;3,275;;;
100106;0000;3,82083;;;
100107;0000;5,24;;;
100108;0000;8,73333;;;
100109;0000;5,5675;;;
100110;0000;4,9125;;;
100111;0000;4,14833;;;
100112;0000;5,45833;;;
100113;0000;9,4975;;;
100114;0000;5,895;;;
100115;0000;5,895;;;
100116;0000;5,67666;;;
100117;0000;6,2225;;;
100118;0000;4,2575;;;
100119;0000;4,9125;;;
100120;0000;4,2575;;;
100121;0000;4,9125;;;
100122;0000;4,585;;;
100123;0000;4,36666;;;
100124;0000;25,2175;;;
100125;0000;4,2575;;;
100126;0000;4,585;;;
100127;0000;7,75083;;;
100128;0000;4,47583;;;
100129;0000;4,585;;;
100130;0000;4,80333;;;
100131;0000;4,9125;;;
100201;0000;5,67666;;;
100202;0000;4,80333;;;
100203;0000;3,82083;;;
100204;0000;5,02166;;;
100205;0000;5,34916;;;
100206;0000;4,9125;;;
100207;0000;3,6025;;;
100208;0000;4,69416;;;
100209;0000;5,02166;;;
100210;0000;8,29666;;;
100211;0000;4,585;;;
100212;0000;4,80333;;;
100213;0000;6,76833;;;
100214;0000;4,36666;;;
100215;0000;11,0258;;;
100216;0000;5,13083;;;
100217;0000;4,14833;;;
100218;0000;4,69416;;;
100219;0000;4,2575;;;
100220;0000;4,69416;;;
100221;0000;4,36666;;;
100222;0000;2,9475;;;
100223;0000;4,585;;;
100224;0000;5,45833;;;
100225;0000;2,83833;;;
100226;0000;5,02166;;;
100227;0000;;;;
100228;0000;;;;
100301;0000;3,49333;;;
100302;0000;4,585;;;
100303;0000;3,38416;;;
100304;0000;4,14833;;;
100305;0000;4,9125;;;
100306;0000;;;;
100307;0000;2,62;;;
100308;0000;3,93;;;
100309;0000;4,69416;;;
100310;0000;5,78583;;;
100311;0000;6,33166;;;
100312;0000;3,275;;;
100313;0000;4,2575;;;
100314;0000;4,36666;;;
100315;0000;;;;
100316;0000;4,9125;;;
100317;0000;3,82083;;;
100318;0000;6,33166;;;
100319;0000;16,0475;;;
100320;0000;7,5325;;;
100321;0000;6,00416;;;
100322;0000;7,64166;;;
100323;0000;14,9558;;;
100324;0000;13,5367;;;
100325;0000;12,5542;;;
100326;0000;9,38833;;;
100327;0000;9,27916;;;
100328;0000;9,17;;;
100329;0000;12,2267;;;
100330;0000;10,6983;;;
100331;0000;10,1525;;;
100401;0000;4,2575;;;
100402;0000;8,1875;;;
100403;0000;17,03;;;
100404;0000;11,8992;;;
100405;0000;8,515;;;
100406;0000;2,9475;;;
100407;0000;3,82083;;;
100408;0000;6,76833;;;
100409;0000;5,5675;;;
100410;0000;4,80333;;;
100411;0000;9,27916;;;
100412;0000;6,33166;;;
100413;0000;6,00416;;;
100414;0000;6,11333;;;
100415;0000;6,55;;;
100416;0000;2,62;;;
100417;0000;7,64166;;;
100418;0000;3,6025;;;
100419;0000;4,47583;;;
100420;0000;4,36666;;;
100421;0000;3,93;;;
100422;0000;7,205;;;
100423;0000;3,82083;;;
100424;0000;3,82083;;;
100425;0000;3,05666;;;
100426;0000;5,5675;;;
100427;0000;5,34916;;;
100428;0000;11,8992;;;
100429;0000;11,79;;;
100430;0000;8,62416;;;
100501;0000;4,36666;;;
100502;0000;2,72916;;;
100503;0000;2,72916;;;
100504;0000;2,9475;;;
100505;0000;2,62;;;
100506;0000;4,80333;;;
100507;0000;11,0258;;;
100508;0000;16,2658;;;
100509;0000;10,5892;;;
100510;0000;13,8642;;;
100511;0000;15,5017;;;
100512;0000;12,8817;;;
100513;0000;5,24;;;
100514;0000;2,62;;;
100515;0000;2,62;;;
100516;0000;2,97727;;;
100517;0000;3,71166;;;
100518;0000;7,31416;;;
100519;0000;9,4975;;;
100520;0000;11,0258;;;
100521;0000;5,45833;;;
100522;0000;2,62;;;
100523;0000;2,9475;;;
100524;0000;5,13083;;;
100525;0000;4,585;;;
100526;0000;3,275;;;
100527;0000;3,49333;;;
100528;0000;2,83833;;;
100529;0000;2,62;;;
100530;0000;4,03917;;;
100531;0000;4,47583;;;
100601;0000;5,5675;;;
100602;0000;2,62;;;
100603;0000;2,72916;;;
100604;0000;10,1525;;;
100605;0000;9,38833;;;
100606;0000;10,0433;;;
100607;0000;11,2442;;;
100608;0000;8,515;;;
100609;0000;2,62;;;
100610;0000;2,9475;;;
100611;0000;2,83833;;;
100612;0000;2,83833;;;
100613;0000;;;;
100614;0000;2,62;;;
100615;0000;2,83833;;;
100616;0000;3,49333;;;
100617;0000;3,05666;;;
100618;0000;2,62;;;
100619;0000;2,72916;;;
100620;0000;8,07833;;;
100621;0000;6,33166;;;
100622;0000;5,13083;;;
100623;0000;3,6025;;;
100624;0000;4,36666;;;
100625;0000;4,47583;;;
100626;0000;3,05666;;;
100627;0000;5,5675;;;
100628;0000;6,98666;;;
100629;0000;4,03917;;;
100630;0000;3,93;;;
100701;0000;3,82083;;;
100702;0000;3,82083;;;
100703;0000;3,49333;;;
100704;0000;2,62;;;
100705;0000;2,62;;;
100706;0000;;;1,01313;
100707;0000;;;2,70013;
100708;0000;7,86;;;
100709;0000;7,205;;;
100710;0000;11,2442;;;
100711;0000;2,62;;;
100712;0000;7,5325;;;
100713;0000;11,79;;;
100714;0000;6,65916;;;
100715;0000;4,47583;;;
100716;0000;3,275;;;
100717;0000;2,62;;;
100718;0000;5,67666;;;
100719;0000;5,78583;;;
100720;0000;2,83833;;;
100721;0000;2,62;;;
100722;0000;3,58526;;;
100723;0000;2,72916;;;
100724;0000;2,62;;;
100725;0000;4,03917;;;
100726;0000;8,07833;;;
100727;0000;3,38416;;;
100728;0000;8,45545;;;
100729;0000;3,82083;;;
100730;0000;2,72916;;;
100731;0000;4,36666;;;
100801;0000;2,83833;;;
100802;0000;6,76833;;;
100803;0000;4,69416;;;
100804;0000;4,03917;;;
100805;0000;4,47583;;;
100806;0000;2,83833;;;
100807;0000;2,62;;;
100808;0000;3,82083;;;
100809;0000;4,2575;;;
100810;0000;4,14833;;;
100811;0000;2,62;;;
100812;0000;3,71166;;;
100813;0000;3,82083;;;
100814;0000;2,9475;;;
100815;0000;2,72916;;;
100816;0000;2,62;;;
100817;0000;;;4,04108;
100818;0000;;;3,51782;
100819;0000;6,8775;;;
100820;0000;8,40583;;;
100821;0000;3,82083;;;
100822;0000;2,62;;;
100823;0000;2,62;;;
100824;0000;8,73333;;;
100825;0000;2,83833;;;
100826;0000;2,9475;;;
100827;0000;2,72916;;;
100828;0000;2,72916;;;
100829;0000;3,71166;;;
100830;0000;2,62;;;
100831;0000;2,62;;;
100901;0000;;;2,2646;
100902;0000;;;1,65631;
100903;0000;2,62;;;
100904;0000;6,11333;;;
100905;0000;6,00416;;;
100906;0000;4,03917;;;
100907;0000;11,3533;;;
100908;0000;4,80333;;;
100909;0000;4,14833;;;
100910;0000;2,62;;;
100911;0000;5,13083;;;
100912;0000;2,83833;;;
100913;0000;2,86952;;;
100914;0000;6,2225;;;
100915;0000;5,02166;;;
100916;0000;3,38416;;;
100917;0000;2,9475;;;
100918;0000;3,71166;;;
100919;0000;6,33166;;;
100920;0000;2,83833;;;
100921;0000;2,72916;;;
100922;0000;2,62;;;
100923;0000;2,62;;;
100924;0000;;;2,3457;
100925;0000;;;1,6459;
100926;0000;;;2,61922;
100927;0000;2,62;;;
100928;0000;6,76833;;;
100929;0000;3,05666;;;
100930;0000;2,9475;;;
101001;0000;10,2617;;;
101002;0000;8,29666;;;
101003;0000;3,6025;;;
101004;0000;2,73909;;;
101005;0000;3,82083;;;
101006;0000;3,41739;;;
101007;0000;10,1525;;;
101008;0000;5,24;;;
101009;0000;3,49333;;;
101010;0000;2,9475;;;
101011;0000;2,62;;;
101012;0000;2,62;;;
101013;0000;;;0,905259;
101014;0000;;;2,30404;
101015;0000;2,62;;;
101016;0000;6,8775;;;
101017;0000;8,515;;;
101018;0000;6,33166;;;
101019;0000;3,93;;;
101020;0000;3,05666;;;
101021;0000;3,71166;;;
101022;0000;2,72916;;;
101023;0000;2,72916;;;
101024;0000;12,1175;;;
101025;0000;9,4975;;;
101026;0000;7,64166;;;
101027;0000;6,11333;;;
101028;0000;5,45833;;;
101029;0000;2,62;;;
101030;0000;4,69416;;;
101031;0000;5,34916;;;
101101;0000;4,47583;;;
101102;0000;4,69416;;;
101103;0000;2,62;;;
101104;0000;3,82083;;;
101105;0000;5,13083;;;
101106;0000;4,69416;;;
101107;0000;2,62;;;
101108;0000;2,62;;;
101109;0000;5,48952;;;
101110;0000;4,2575;;;
101111;0000;3,275;;;
101112;0000;4,14833;;;
101113;0000;5,13083;;;
101114;0000;4,14833;;;
101115;0000;4,69416;;;
101116;0000;4,80333;;;
101117;0000;3,82083;;;
101118;0000;2,72916;;;
101119;0000;2,83833;;;
101120;0000;3,16583;;;
101121;0000;2,9475;;;
101122;0000;3,82083;;;
101123;0000;8,8425;;;
101124;0000;6,8775;;;
101125;0000;3,49333;;;
101126;0000;5,45833;;;
101127;0000;3,82083;;;
101128;0000;6,11333;;;
101129;0000;4,585;;;
101130;0000;3,93;;;
101201;0000;3,6025;;;
101202;0000;3,71166;;;
101203;0000;3,71166;;;
101204;0000;7,96916;;;
101205;0000;4,80333;;;
101206;0000;3,38416;;;
101207;0000;3,275;;;
101208;0000;3,93;;;
101209;0000;3,38416;;;
101210;0000;3,71166;;;
101211;0000;3,93;;;
101212;0000;5,45833;;;
101213;0000;10,0433;;;
101214;0000;3,82083;;;
101215;0000;2,83833;;;
101216;0000;2,9475;;;
101217;0000;2,9475;;;
101218;0000;3,16583;;;
101219;0000;2,72916;;;
101220;0000;8,40583;;;
101221;0000;4,585;;;
101222;0000;3,275;;;
101223;0000;3,82083;;;
101224;0000;5,34916;;;
101225;0000;5,78583;;;
101226;0000;4,47583;;;
101227;0000;4,69416;;;
101228;0000;5,02166;;;
101229;0000;4,9125;;;
101230;0000;4,2575;;;
101231;0000;4,03917;;;
110101;0000;5,02166;;;
110102;0000;3,82083;;;
110103;0000;2,83833;;;
110104;0000;2,62;;;
110105;0000;6,8775;;;
110106;0000;3,82083;;;
110107;0000;4,14833;;;
110108;0000;3,71166;;;
110109;0000;3,275;;;
110110;0000;4,47583;;;
110111;0000;6,65916;;;
110112;0000;8,62416;;;
110113;0000;5,13083;;;
110114;0000;8,62416;;;
110115;0000;10,3708;;;
110116;0000;6,11333;;;
110117;0000;9,38833;;;
110118;0000;;;;
110119;0000;;;;
110120;0000;8,62416;;;
110121;0000;6,76833;;;
110122;0000;4,80333;;;
110123;0000;4,03917;;;
110124;0000;3,05666;;;
110125;0000;5,24;;;
110126;0000;7,09583;;;
110127;0000;5,45833;;;
110128;0000;6,33166;;;
110129;0000;5,67666;;;
110130;0000;4,585;;;
110131;0000;7,64166;;;
110201;0000;6,33166;;;
110202;0000;5,5675;;;
110203;0000;4,9125;;;
110204;0000;6,33166;;;
110205;0000;6,33166;;;
110206;0000;4,47583;;;
110207;0000;4,9125;;;
110208;0000;5,78583;;;
110209;0000;4,03917;;;
110210;0000;3,05666;;;
110211;0000;4,03917;;;
110212;0000;4,36666;;;
110213;0000;9,06083;;;
110214;0000;5,13083;;;
110215;0000;4,36666;;;
110216;0000;3,05666;;;
110217;0000;5,34916;;;
110218;0000;5,02166;;;
110219;0000;3,275;;;
110220;0000;2,83833;;;
110221;0000;3,38416;;;
110222;0000;4,14833;;;
110223;0000;4,47583;;;
110224;0000;4,69416;;;
110225;0000;4,9125;;;
110226;0000;5,24;;;
110227;0000;4,14833;;;
110228;0000;6,98666;;;
110301;0000;6,98666;;;
110302;0000;5,34916;;;
110303;0000;6,00416;;;
110304;0000;6,2225;;;
110305;0000;6,55;;;
110306;0000;3,6025;;;
110307;0000;6,11333;;;
110308;0000;5,34916;;;
110309;0000;4,36666;;;
110310;0000;5,45833;;;
110311;0000;2,62;;;
110312;0000;3,6025;;;
110313;0000;6,11333;;;
110314;0000;5,5675;;;
110315;0000;3,16583;;;
110316;0000;4,80333;;;
110317;0000;5,34916;;;
110318;0000;9,4975;;;
110319;0000;5,5675;;;
110320;0000;4,9125;;;
110321;0000;5,02166;;;
110322;0000;3,82083;;;
110323;0000;5,67666;;;
110324;0000;4,69416;;;
110325;0000;5,45833;;;
110326;0000;5,13083;;;
110327;0000;3,6025;;;
110328;0000;9,38833;;;
110329;0000;6,55;;;
110330;0000;7,5325;;;
110331;0000;4,14833;;;
110401;0000;6,11333;;;
110402;0000;6,55;;;
110403;0000;6,11333;;;
110404;0000;6,33166;;;
110405;0000;7,75083;;;
110406;0000;3,71166;;;
110407;0000;5,34916;;;
110408;0000;6,44083;;;
110409;0000;2,83833;;;
110410;0000;2,83833;;;
110411;0000;2,9475;;;
110412;0000;4,14833;;;
110413;0000;5,45833;;;
110414;0000;2,62;;;
110415;0000;4,03917;;;
110416;0000;6,55;;;
110417;0000;5,5675;;;
110418;0000;8,29666;;;
110419;0000;7,64166;;;
110420;0000;5,13083;;;
110421;0000;6,98666;;;
110422;0000;4,03917;;;
110423;0000;3,38416;;;
110424;0000;5,78583;;;
110425;0000;6,33166;;;
110426;0000;5,78583;;;
110427;0000;5,13083;;;
110428;0000;4,80333;;;
110429;0000;9,4975;;;
110430;0000;10,2617;;;
110501;0000;11,0258;;;
110502;0000;6,681;;;
110503;0000;9,17;;;
110504;0000;10,8075;;;
110505;0000;7,09583;;;
110506;0000;3,16583;;;
110507;0000;2,62;;;
110508;0000;4,36666;;;
110509;0000;4,9125;;;
110510;0000;3,82083;;;
110511;0000;6,2225;;;
110512;0000;6,33166;;;
110513;0000;7,31416;;;
110514;0000;7,31416;;;
110515;0000;4,585;;;
110516;0000;3,38416;;;
110517;0000;3,6025;;;
110518;0000;6,00416;;;
110519;0000;2,72916;;;
110520;0000;3,49333;;;
110521;0000;2,9475;;;
110522;0000;2,72916;;;
110523;0000;5,5675;;;
110524;0000;3,05666;;;
110525;0000;5,13083;;;
110526;0000;7,09583;;;
110527;0000;8,62416;;;
110528;0000;5,5675;;;
110529;0000;5,895;;;
110530;0000;7,205;;;
110531;0000;6,2225;;;
110601;0000;3,93;;;
110602;0000;3,71166;;;
110603;0000;5,67666;;;
110604;0000;4,9125;;;
110605;0000;2,62;;;
110606;0000;2,62;;;
110607;0000;3,16583;;;
110608;0000;2,62;;;
110609;0000;3,38416;;;
110610;0000;4,585;;;
110611;0000;5,5675;;;
110612;0000;6,00416;;;
110613;0000;7,09583;;;
110614;0000;6,33166;;;
110615;0000;3,05666;;;
110616;0000;3,71166;;;
110617;0000;3,82083;;;
110618;0000;2,62;;;
110619;0000;2,62;;;
110620;0000;;;1,12233;
110621;0000;;;1,34959;
110622;0000;;;2,58954;
110623;0000;5,45833;;;
110624;0000;4,2575;;;
110625;0000;5,02166;;;
110626;0000;4,36666;;;
110627;0000;5,13083;;;
110628;0000;2,72916;;;
110629;0000;2,72916;;;
110630;0000;4,14833;;;
110701;0000;4,14833;;;
110702;0000;3,93;;;
110703;0000;5,5675;;;
110704;0000;5,78583;;;
110705;0000;3,275;;;
110706;0000;4,9125;;;
110707;0000;6,44083;;;
110708;0000;7,42333;;;
110709;0000;4,03917;;;
110710;0000;5,34916;;;
110711;0000;3,05666;;;
110712;0000;4,47583;;;
110713;0000;4,2575;;;
110714;0000;3,38416;;;
110715;0000;2,83833;;;
110716;0000;2,9475;;;
110717;0000;3,05666;;;
110718;0000;3,275;;;
110719;0000;4,47583;;;
110720;0000;2,83833;;;
110721;0000;3,38416;;;
110722;0000;3,93;;;
110723;0000;6,65916;;;
110724;0000;3,16583;;;
110725;0000;2,62;;;
110726;0000;6,8775;;;
110727;0000;9,60666;;;
110728;0000;7,31416;;;
110729;0000;4,36666;;;
110730;0000;3,16583;;;
110731;0000;2,83833;;;
110801;0000;3,05666;;;
110802;0000;2,62;;;
110803;0000;3,6025;;;
110804;0000;3,6025;;;
110805;0000;4,9125;;;
110806;0000;4,03917;;;
110807;0000;2,72916;;;
110808;0000;3,38416;;;
110809;0000;3,71166;;;
110810;0000;3,49333;;;
110811;0000;3,71166;;;
110812;0000;3,16583;;;
110813;0000;2,83833;;;
110814;0000;3,38416;;;
110815;0000;2,72916;;;
110816;0000;2,62;;;
110817;0000;2,62;;;
110818;0000;;;1,13722;
110819;0000;;;2,75401;
110820;0000;4,03917;;;
110821;0000;4,47583;;;
110822;0000;4,36666;;;
110823;0000;6,8775;;;
110824;0000;2,9475;;;
110825;0000;4,47583;;;
110826;0000;4,03917;;;
110827;0000;2,72916;;;
110828;0000;2,9475;;;
110829;0000;2,83833;;;
110830;0000;5,13083;;;
110831;0000;4,14833;;;
110901;0000;4,585;;;
110902;0000;3,275;;;
110903;0000;2,72916;;;
110904;0000;2,72916;;;
110905;0000;5,24;;;
110906;0000;4,47583;;;
110907;0000;3,275;;;
110908;0000;3,71166;;;
110909;0000;3,18956;;;
110910;0000;3,05666;;;
110911;0000;4,69416;;;
110912;0000;4,80333;;;
110913;0000;8,07833;;;
110914;0000;4,47583;;;
110915;0000;3,49333;;;
110916;0000;2,9475;;;
110917;0000;6,11333;;;
110918;0000;3,93;;;
110919;0000;5,78583;;;
110920;0000;8,1875;;;
110921;0000;4,69416;;;
110922;0000;2,72916;;;
110923;0000;6,8775;;;
110924;0000;6,33166;;;
110925;0000;3,6025;;;
110926;0000;4,36666;;;
110927;0000;4,80333;;;
110928;0000;2,83833;;;
110929;0000;5,78583;;;
110930;0000;3,16583;;;
111001;0000;2,62;;;
111002;0000;5,24;;;
111003;0000;3,49333;;;
111004;0000;4,9125;;;
111005;0000;2,9475;;;
111006;0000;3,82083;;;
111007;0000;3,38416;;;
111008;0000;2,83833;;;
111009;0000;3,6025;;;
111010;0000;4,03917;;;
111011;0000;3,49333;;;
111012;0000;8,95166;;;
111013;0000;3,93;;;
111014;0000;4,14833;;;
111015;0000;3,71166;;;
111016;0000;4,14833;;;
111017;0000;6,11333;;;
111018;0000;3,275;;;
111019;0000;5,45833;;;
111020;0000;4,03917;;;
111021;0000;3,38416;;;
111022;0000;3,38416;;;
111023;0000;3,71166;;;
111024;0000;2,62;;;
111025;0000;2,9475;;;
111026;0000;2,62;;;
111027;0000;2,62;;;
111028;0000;;;1,41174;
111029;0000;;;11,1023;
111030;0000;5,78583;;;
111031;0000;3,93;;;
111101;0000;2,62;;;
111102;0000;7,09583;;;
111103;0000;4,2575;;;
111104;0000;4,36666;;;
111105;0000;5,78583;;;
111106;0000;3,82083;;;
111107;0000;3,16583;;;
111108;0000;4,69416;;;
111109;0000;2,83833;;;
111110;0000;6,8775;;;
111111;0000;3,82083;;;
111112;0000;3,38416;;;
111113;0000;2,83833;;;
111114;0000;5,45833;;;
111115;0000;4,03917;;;
111116;0000;2,83833;;;
111117;0000;3,275;;;
111118;0000;2,9475;;;
111119;0000;3,38416;;;
111120;0000;3,49333;;;
111121;0000;4,585;;;
111122;0000;5,24;;;
111123;0000;3,93;;;
111124;0000;3,82083;;;
111125;0000;4,69416;;;
111126;0000;4,2575;;;
111127;0000;3,49333;;;
111128;0000;4,585;;;
111129;0000;5,45833;;;
111130;0000;5,67666;;;
111201;0000;4,47583;;;
111202;0000;3,49333;;;
111203;0000;3,49333;;;
111204;0000;3,71166;;;
111205;0000;4,585;;;
111206;0000;5,34916;;;
111207;0000;4,47583;;;
111208;0000;4,2575;;;
111209;0000;3,93;;;
111210;0000;3,38416;;;
111211;0000;4,14833;;;
111212;0000;3,93;;;
111213;0000;4,14833;;;
111214;0000;5,34916;;;
111215;0000;4,47583;;;
111216;0000;3,275;;;
111217;0000;3,82083;;;
111218;0000;3,49333;;;
111219;0000;3,93;;;
111220;0000;3,71166;;;
111221;0000;3,33454;;;
111222;0000;3,05666;;;
111223;0000;3,16583;;;
111224;0000;3,05666;;;
111225;0000;3,16583;;;
111226;0000;5,78583;;;
111227;0000;3,16583;;;
111228;0000;3,16583;;;
111229;0000;2,9475;;;
111230;0000;3,16583;;;
111231;0000;3,82083;;;
120101;0000;;3,59934;;
120102;0000;;3,1407;;
120103;0000;;3,7757;;
120104;0000;;4,81597;;
120105;0000;;4,61714;;
120106;0000;;4,49915;;
120107;0000;;3,02498;;
120108;0000;;3,4899;;
120109;0000;;4,07931;;
120110;0000;;3,89275;;
120111;0000;;3,49047;;
120112;0000;;5,9717;;
120113;0000;;5,51758;;
120114;0000;;5,08948;;
120115;0000;;4,15462;;
120116;0000;;4,14645;;
120117;0000;;4,04368;;
120118;0000;;4,29463;;
120119;0000;;3,79993;;
120120;0000;;2,95956;;
120121;0000;;2,70955;;
120122;0000;;2,6255;;
120123;0000;;3,47926;;
120124;0000;;3,88213;;
120125;0000;;4,7156;;
120126;0000;;2,94428;;
120127;0000;;2,70808;;
120128;0000;;3,58129;;
120129;0000;;3,22291;;
120130;0000;;2,64671;;
120131;0000;;3,58684;;
120201;0000;;3,29368;;
120202;0000;;4,32117;;
120203;0000;;4,79275;;
120204;0000;;4,03875;;
120205;0000;;4,09778;;
120206;0000;;3,03588;;
120207;0000;;3,6603;;
120208;0000;;4,14924;;
120209;0000;;4,64471;;
120210;0000;;5,89892;;
120211;0000;;3,77963;;
120212;0000;;2,85943;;
120213;0000;;2,69695;;
120214;0000;;4,69298;;
120215;0000;;3,63042;;
120216;0000;;4,58785;;
120217;0000;;2,75574;;
120218;0000;;2,71844;;
120219;0000;;4,23112;;
120220;0000;;3,59586;;
120221;0000;;3,50786;;
120222;0000;;3,49294;;
120223;0000;;3,07637;;
120224;0000;;3,16327;;
120225;0000;;3,03084;;
120226;0000;;3,72337;;
120227;0000;;4,16414;;
120228;0000;;3,41563;;
120229;0000;;3,5533;;
120301;0000;;5,39036;;
120302;0000;;4,57327;;
120303;0000;;5,14909;;
120304;0000;;2,84724;;
120305;0000;;2,74953;;
120306;0000;;3,5958;;
120307;0000;;6,34964;;
120308;0000;;4,39869;;
120309;0000;;6,2544;;
120310;0000;;3,97723;;
120311;0000;;2,77648;;
120312;0000;;3,74109;;
120313;0000;;4,01924;;
120314;0000;;7,46122;;
120315;0000;;6,02587;;
120316;0000;;3,86672;;
120317;0000;;3,94251;;
120318;0000;;4,58006;;
120319;0000;;4,4911;;
120320;0000;;4,34298;;
120321;0000;;5,60384;;
120322;0000;;5,51795;;
120323;0000;;5,95398;;
120324;0000;;5,71839;;
120325;0000;;2,99955;;
120326;0000;;7,31747;;
120327;0000;;5,75004;;
120328;0000;;5,55074;;
120329;0000;;7,08878;;
120330;0000;;6,2372;;
120331;0000;;4,94707;;
120401;0000;;5,97741;;
120402;0000;;7,38713;;
120403;0000;;6,75787;;
120404;0000;;2,74669;;
120405;0000;;4,73998;;
120406;0000;;4,01126;;
120407;0000;;4,73841;;
120408;0000;;3,76672;;
120409;0000;;3,49499;;
120410;0000;;2,97634;;
120411;0000;;6,8402;;
120412;0000;;3,90228;;
120413;0000;;2,66781;;
120414;0000;;3,00949;;
120415;0000;;2,7218;;
120416;0000;;3,24122;;
120417;0000;;5,30581;;
120418;0000;;4,67531;;
120419;0000;;6,84217;;
120420;0000;;5,89368;;
120421;0000;;5,94511;;
120422;0000;;4,98454;;
120423;0000;;2,6233;;
120424;0000;;2,62043;;
120425;0000;;3,73278;;
120426;0000;;3,76008;;
120427;0000;;3,19652;;
120428;0000;;4,45476;;
120429;0000;;3,86562;;
120430;0000;;5,75011;;
120501;0000;;5,37881;;
120502;0000;;5,83117;;
120503;0000;;7,51668;;
120504;0000;;3,79176;;
120505;0000;;3,60484;;
120506;0000;;2,66901;;
120507;0000;;3,73837;;
120508;0000;;2,96154;;
120509;0000;;2,87392;;
120510;0000;;4,35237;;
120511;0000;;4,78011;;
120512;0000;;4,49666;;
120513;0000;;2,80273;;
120514;0000;;3,78407;;
120515;0000;;4,2794;;
120516;0000;;3,21187;;
120517;0000;;2,76931;;
120518;0000;;5,10366;;
120519;0000;;5,47849;;
120520;0000;;5,77585;;
120521;0000;;3,28871;;
120522;0000;;5,84626;;
120523;0000;;7,31291;;
120524;0000;;6,88721;;
120525;0000;;3,15839;;
120526;0000;;2,6783;;
120527;0000;;2,68421;;
120528;0000;;2,71827;;
120529;0000;;3,09839;;
120530;0000;;4,31634;;
120531;0000;;4,51494;;
120601;0000;;4,56829;;
120602;0000;;3,72385;;
120603;0000;;2,62547;;
120604;0000;;4,51131;;
120605;0000;;3,49375;;
120606;0000;;3,07608;;
120607;0000;;2,85775;;
120608;0000;;2,76874;;
120609;0000;;2,62;;
120610;0000;;2,62;;
120611;0000;;2,85869;;
120612;0000;;2,62;;
120613;0000;;2,62418;;
120614;0000;;2,62418;;
120615;0000;;2,94053;;
120616;0000;;2,63166;;
120617;0000;;2,62;;
120618;0000;;2,6236;;
120619;0000;;2,62682;;
120620;0000;;2,62142;;
120621;0000;;3,14449;;
120622;0000;;4,94944;;
120623;0000;;4,72258;;
120624;0000;;3,05841;;
120625;0000;;3,70282;;
120626;0000;;3,65697;;
120627;0000;;2,73855;;
120628;0000;;2,97478;;
120629;0000;;2,9202;;
120630;0000;;2,6204;;
120701;0000;;2,62;;
120702;0000;;2,62;;
120703;0000;;;;
120704;0000;;2,63868;;
120705;0000;;2,72922;;
120706;0000;;4,00277;;
120707;0000;;5,81436;;
120708;0000;;3,20041;;
120709;0000;;3,49128;;
120710;0000;;3,0852;;
120711;0000;;2,77399;;
120712;0000;;6,12902;;
120713;0000;;6,48216;;
120714;0000;;3,28519;;
120715;0000;;4,0947;;
120716;0000;;4,47708;;
120717;0000;;4,95803;;
120718;0000;;8,00116;;
120719;0000;;4,14249;;
120720;0000;;3,5361;;
120721;0000;;2,64717;;
120722;0000;;2,82835;;
120723;0000;;2,91111;;
120724;0000;;3,30575;;
120725;0000;;3,04842;;
120726;0000;;3,11277;;
120727;0000;;5,66539;;
120728;0000;;2,89367;;
120729;0000;;3,60689;;
120730;0000;;3,00229;;
120731;0000;;3,36877;;
120801;0000;;2,8125;;
120802;0000;;2,62085;;
120803;0000;;2,62;;
120804;0000;;2,62136;;
120805;0000;;2,79132;;
120806;0000;;2,62;;
120807;0000;;3,39612;;
120808;0000;;6,99575;;
120809;0000;;4,86403;;
120810;0000;;3,00186;;
120811;0000;;2,66126;;
120812;0000;;3,15251;;
120813;0000;;3,48962;;
120814;0000;;2,90612;;
120815;0000;;2,67305;;
120816;0000;;2,62589;;
120817;0000;;2,62589;;
120818;0000;;2,69587;;
120819;0000;;2,79543;;
120820;0000;;2,82025;;
120821;0000;;2,71552;;
120822;0000;;2,93615;;
120823;0000;;2,63888;;
120824;0000;;4,62102;;
120825;0000;;5,44763;;
120826;0000;;5,22907;;
120827;0000;;5,90524;;
120828;0000;;3,96733;;
120829;0000;;3,2512;;
120830;0000;;2,97435;;
120831;0000;;3,30032;;
120901;0000;;3,32871;;
120902;0000;;2,71484;;
120903;0000;;2,71202;;
120904;0000;;2,62196;;
120905;0000;;3,04697;;
120906;0000;;2,66978;;
120907;0000;;2,62841;;
120908;0000;;3,41355;;
120909;0000;;3,46984;;
120910;0000;;4,7788;;
120911;0000;;2,62;;
120912;0000;;4,07296;;
120913;0000;;3,57207;;
120914;0000;;2,62;;
120915;0000;;2,62;;
120916;0000;;2,69493;;
120917;0000;;2,70115;;
120918;0000;;2,62901;;
120919;0000;;6,13077;;
120920;0000;;2,70151;;
120921;0000;;5,12284;;
120922;0000;;6,79064;;
120923;0000;;2,76208;;
120924;0000;;3,18619;;
120925;0000;;4,35594;;
120926;0000;;2,66755;;
120927;0000;;2,62;;
120928;0000;;3,31477;;
120929;0000;;3,73322;;
120930;0000;;2,64102;;
121001;0000;;2,62;;
121002;0000;;2,62;;
121003;0000;;;;
121004;0000;;2,70153;;
121005;0000;;2,63971;;
121006;0000;;2,62;;
121007;0000;;2,62;;
121008;0000;;;;
121009;0000;;;;
121010;0000;;3,5221;;
121011;0000;;2,72824;;
121012;0000;;2,62;;
121013;0000;;2,62;;
121014;0000;;;;
121015;0000;;;;
121016;0000;;4,34875;;
121017;0000;;2,62004;;
121018;0000;;2,62;;
121019;0000;;2,62;;
121020;0000;;2,70008;;
121021;0000;;2,62;;
121022;0000;;2,62;;
121023;0000;;3,40006;;
121024;0000;;2,62;;
121025;0000;;2,86454;;
121026;0000;;2,62;;
121027;0000;;2,62;;
121028;0000;;3,35018;;
121029;0000;;2,74623;;
121030;0000;;2,62;;
121031;0000;;2,69476;;
121101;0000;;;2,96824;
121102;0000;;;3,6802;
121103;0000;;;2,75231;
121104;0000;;;4,15782;
121105;0000;;;2,71405;
121106;0000;;;3,58919;
121107;0000;;;2,62044;
121108;0000;;;2,62;
121109;0000;;;2,62012;
121110;0000;;;2,62;
121111;0000;;;4,30476;
121112;0000;;;3,78315;
121113;0000;;;2,78626;
121114;0000;;;2,62036;
121115;0000;;;3,06019;
121116;0000;;;2,62092;
121117;0000;;;2,62;
121118;0000;;;3,06981;
121119;0000;;;3,58585;
121120;0000;;;2,62;
121121;0000;;;2,62;
121122;0000;;;;
121123;0000;;;2,72724;
121124;0000;;;5,42305;
121125;0000;;;2,68256;
121126;0000;;;3,21488;
121127;0000;;;3,62816;
121128;0000;;;4,69966;
121129;0000;;;2,62;
121130;0000;;;2,62;
121201;0000;;2,63779;;
121202;0000;;4,27688;;
121203;0000;;2,62;;
121204;0000;;2,62;;
121205;0000;;;;
121206;0000;;;;
121207;0000;;;;
121208;0000;;2,6289;;
121209;0000;;2,62;;
121210;0000;;2,62;;
121211;0000;;;;
121212;0000;;;;
121213;0000;;4,09154;;
121214;0000;;3,86834;;
121215;0000;;2,86708;;
121216;0000;;3,66817;;
121217;0000;;2,76395;;
121218;0000;;2,62;;
121219;0000;;2,62;;
121220;0000;;;;
121221;0000;;;;
121222;0000;;2,62;;
121223;0000;;2,62;;
121224;0000;;;;
121225;0000;;;;
121226;0000;;;;
121227;0000;;3,11843;;
121228;0000;;5,74056;;
121229;0000;;3,93712;;
121230;0000;;3,35809;;
121231;0000;;2,62;;
130101;0000;;2,67362;;
130102;0000;;2,62;;
130103;0000;;2,62;;
130104;0000;;;;
130105;0000;;;;
130106;0000;;2,98635;;
130107;0000;;3,67022;;
130108;0000;;5,24915;;
130109;0000;;3,9258;;
130110;0000;;4,02746;;
130111;0000;;4,95067;;
130112;0000;;2,75582;;
130113;0000;;2,62;;
130114;0000;;;;
130115;0000;;;;
130116;0000;;4,11727;;
130117;0000;;5,13883;;
130118;0000;;3,21246;;
130119;0000;;3,50589;;
130120;0000;;3,7368;;
130121;0000;;2,79715;;
130122;0000;;2,62893;;
130123;0000;;2,62893;;
130124;0000;;2,85387;;
130125;0000;;3,25452;;
130126;0000;;2,88976;;
130127;0000;;2,89581;;
130128;0000;;2,62;;
130129;0000;;3,08265;;
130130;0000;;3,2503;;
130131;0000;;2,70079;;
130201;0000;;2,62;;
130202;0000;;2,90471;;
130203;0000;;4,39776;;
130204;0000;;2,62;;
130205;0000;;2,62897;;
130206;0000;;2,62;;
130207;0000;;2,63787;;
130208;0000;;4,08972;;
130209;0000;;3,30312;;
130210;0000;;3,54655;;
130211;0000;;2,93986;;
130212;0000;;3,24004;;
130213;0000;;3,04991;;
130214;0000;;4,51592;;
130215;0000;;3,0807;;
130216;0000;;4,98499;;
130217;0000;;2,62;;
130218;0000;;3,15693;;
130219;0000;;2,98239;;
130220;0000;;3,933;;
130221;0000;;4,46094;;
130222;0000;;3,12329;;
130223;0000;;2,68284;;
130224;0000;;3,74428;;
130225;0000;;6,09711;;
130226;0000;;2,69613;;
130227;0000;;;2,92563;
130228;0000;;;4,10277;
130301;0000;;2,85556;;
130302;0000;;3,60213;;
130303;0000;;2,71097;;
130304;0000;;4,84482;;
130305;0000;;3,02631;;
130306;0000;;2,62;;
130307;0000;;2,94334;;
130308;0000;;3,36866;;
130309;0000;;2,7279;;
130310;0000;;3,39636;;
130311;0000;;2,62;;
130312;0000;;4,17422;;
130313;0000;;2,64669;;
130314;0000;;2,67362;;
130315;0000;;3,63119;;
130316;0000;;3,97928;;
130317;0000;;3,17619;;
130318;0000;;2,64705;;
130319;0000;;3,37657;;
130320;0000;;4,949;;
130321;0000;;4,50468;;
130322;0000;;4,09784;;
130323;0000;;3,34541;;
130324;0000;;2,63787;;
130325;0000;;4,78513;;
130326;0000;;12,8908;;
130327;0000;;10,1865;;
130328;0000;;4,77551;;
130329;0000;;4,18415;;
130330;0000;;19,6227;;
130331;0000;;11,414;;
130401;0000;;6,07114;;
130402;0000;;8,49929;;
130403;0000;;5,74306;;
130404;0000;;3,24164;;
130405;0000;;3,42105;;
130406;0000;;3,56721;;
130407;0000;;3,5968;;
130408;0000;;5,99549;;
130409;0000;;5,65462;;
130410;0000;;10,334;;
130411;0000;;9,9794;;
130412;0000;;9,727;;
130413;0000;;11,08;;
130414;0000;;11,4508;;
130415;0000;;8,54117;;
130416;0000;;6,52761;;
130417;0000;;5,30812;;
130418;0000;;3,3079;;
130419;0000;;2,62;;
130420;0000;;2,62;;
130421;0000;;;;
130422;0000;;;;
130423;0000;;;;
130424;0000;;2,71025;;
130425;0000;;2,62;;
130426;0000;;2,62;;
130427;0000;;;2,62;
130428;0000;;;;
130429;0000;;;;
130430;0000;;2,64729;;
130501;0000;;2,62;;
130502;0000;;2,62;;
130503;0000;;;;
130504;0000;;;;
130505;0000;;4,67116;;
130506;0000;;3,03371;;
130507;0000;;3,44784;;
130508;0000;;3,16345;;
130509;0000;;2,92599;;
130510;0000;;2,67458;;
130511;0000;;3,12034;;
130512;0000;;2,94749;;
130513;0000;;4,44334;;
130514;0000;;3,49003;;
130515;0000;;3,46933;;
130516;0000;;3,2577;;
130517;0000;;3,77184;;
130518;0000;;2,62878;;
130519;0000;;2,88455;;
130520;0000;;2,84935;;
130521;0000;;2,76991;;
130522;0000;;2,80755;;
130523;0000;;2,90416;;
130524;0000;;3,73559;;
130525;0000;;2,62901;;
130526;0000;;2,75405;;
130527;0000;;3,87678;;
130528;0000;;2,62;;
130529;0000;;2,63865;;
130530;0000;;3,11939;;
130531;0000;;2,62;;
130601;0000;;2,73515;;
130602;0000;;4,14039;;
130603;0000;;4,33524;;
130604;0000;;4,58522;;
130605;0000;;4,27797;;
130606;0000;;4,65248;;
130607;0000;;5,85725;;
130608;0000;;4,46895;;
130609;0000;;3,44904;;
130610;0000;;5,01714;;
130611;0000;;3,85734;;
130612;0000;;5,52817;;
130613;0000;;4,69798;;
130614;0000;;4,31641;;
130615;0000;;2,87505;;
130616;0000;;2,62;;
130617;0000;;2,62;;
130618;0000;;3,55594;;
130619;0000;;3,97872;;
130620;0000;;4,01331;;
130621;0000;;4,61314;;
130622;0000;;2,65019;;
130623;0000;;2,62;;
130624;0000;;4,22111;;
130625;0000;;3,12197;;
130626;0000;;3,10435;;
130627;0000;;2,91815;;
130628;0000;;2,62;;
130629;0000;;2,91763;;
130630;0000;;2,88116;;
130701;0000;;2,70115;;
130702;0000;;3,02937;;
130703;0000;;4,61289;;
130704;0000;;3,00157;;
130705;0000;;2,75692;;
130706;0000;;2,93614;;
130707;0000;;6,46838;;
130708;0000;;5,98873;;
130709;0000;;5,88906;;
130710;0000;;2,92384;;
130711;0000;;2,68312;;
130712;0000;;3,45291;;
130713;0000;;3,17661;;
130714;0000;;2,96153;;
130715;0000;;2,99053;;
130716;0000;;3,36528;;
130717;0000;;2,78293;;
130718;0000;;3,09799;;
130719;0000;;2,7898;;
130720;0000;;2,62;;
130721;0000;;2,62446;;
130722;0000;;3,5632;;
130723;0000;;5,43226;;
130724;0000;;3,48895;;
130725;0000;;4,06426;;
130726;0000;;2,62906;;
130727;0000;;2,67458;;
130728;0000;;2,93833;;
130729;0000;;2,73059;;
130730;0000;;2,62;;
130731;0000;;3,94819;;
130801;0000;;2,90669;;
130802;0000;;3,42985;;
130803;0000;;2,62225;;
130804;0000;;2,82593;;
130805;0000;;4,36193;;
130806;0000;;5,34964;;
130807;0000;;2,91372;;
130808;0000;;3,09136;;
130809;0000;;4,7129;;
130810;0000;;4,44791;;
130811;0000;;2,70511;;
130812;0000;;2,62556;;
130813;0000;;3,77113;;
130814;0000;;6,25956;;
130815;0000;;4,10083;;
130816;0000;;3,81891;;
130817;0000;;8,59796;;
130818;0000;;3,90896;;
130819;0000;;3,22727;;
130820;0000;;3,20615;;
130821;0000;;4,29705;;
130822;0000;;4,13074;;
130823;0000;;4,29288;;
130824;0000;;4,37292;;
130825;0000;;3,05706;;
130826;0000;;5,42502;;
130827;0000;;4,54856;;
130828;0000;;4,07121;;
130829;0000;;2,83017;;
130830;0000;;2,62071;;
130831;0000;;2,92051;;
130901;0000;;2,82841;;
130902;0000;;4,21782;;
130903;0000;;3,47237;;
130904;0000;;2,78225;;
130905;0000;;2,6796;;
130906;0000;;4,95791;;
130907;0000;;3,66271;;
130908;0000;;5,43389;;
130909;0000;;3,57977;;
130910;0000;;2,62179;;
130911;0000;;3,25066;;
130912;0000;;2,64589;;
130913;0000;;3,08363;;
130914;0000;;3,58577;;
130915;0000;;3,64212;;
130916;0000;;3,02057;;
130917;0000;;3,48394;;
130918;0000;;3,64084;;
130919;0000;;2,77164;;
130920;0000;;2,63245;;
130921;0000;;2,62533;;
130922;0000;;5,59663;;
130923;0000;;3,44833;;
130924;0000;;4,00077;;
130925;0000;;2,98447;;
130926;0000;;2,62027;;
130927;0000;;2,62017;;
130928;0000;;2,62;;
130929;0000;;2,62718;;
130930;0000;;2,62718;;
131001;0000;;3,37787;;
131002;0000;;2,99408;;
131003;0000;;2,73151;;
131004;0000;;4,45921;;
131005;0000;;5,03747;;
131006;0000;;3,23681;;
131007;0000;;5,15276;;
131008;0000;;3,21791;;
131009;0000;;3,08939;;
131010;0000;;3,44371;;
131011;0000;;4,18353;;
131012;0000;;3,18836;;
131013;0000;;3,4805;;
131014;0000;;4,40373;;
131015;0000;;4,39106;;
131016;0000;;3,77386;;
131017;0000;;3,40233;;
131018;0000;;2,88271;;
131019;0000;;3,04581;;
131020;0000;;2,70485;;
131021;0000;;3,1689;;
131022;0000;;3,64281;;
131023;0000;;3,11266;;
131024;0000;;5,04177;;
131025;0000;;4,74461;;
131026;0000;;4,59634;;
131027;0000;;3,07278;;
131028;0000;;3,12052;;
131029;0000;;3,57987;;
131030;0000;;2,75549;;
131031;0000;;2,75541;;
131101;0000;;3,41328;;
131102;0000;;2,7638;;
131103;0000;;3,91504;;
131104;0000;;3,3758;;
131105;0000;;3,49564;;
131106;0000;;2,9699;;
131107;0000;;3,97295;;
131108;0000;;3,01814;;
131109;0000;;2,68827;;
131110;0000;;3,32218;;
131111;0000;;3,468;;
131112;0000;;3,71116;;
131113;0000;;2,71404;;
131114;0000;;3,05965;;
131115;0000;;4,24645;;
131116;0000;;5,25211;;
131117;0000;;5,19102;;
131118;0000;;2,71594;;
131119;0000;;2,74354;;
131120;0000;;2,92043;;
131121;0000;;5,20958;;
131122;0000;;5,31178;;
131123;0000;;8,45324;;
131124;0000;;5,33945;;
131125;0000;;2,79585;;
131126;0000;;7,60693;;
131127;0000;;3,97255;;
131128;0000;;3,9484;;
131129;0000;;4,73643;;
131130;0000;;3,36646;;
131201;0000;;3,51175;;
131202;0000;;2,7157;;
131203;0000;;5,3884;;
131204;0000;;3,28974;;
131205;0000;;3,53897;;
131206;0000;;3,39513;;
131207;0000;;5,68889;;
131208;0000;;3,26519;;
131209;0000;;3,85522;;
131210;0000;;3,96024;;
131211;0000;;3,94396;;
131212;0000;;5,53123;;
131213;0000;;4,29719;;
131214;0000;;3,75957;;
131215;0000;;3,16779;;
131216;0000;;3,45117;;
131217;0000;;3,90847;;
131218;0000;;3,15941;;
131219;0000;;2,62555;;
131220;0000;;3,46878;;
131221;0000;;3,88963;;
131222;0000;;3,37597;;
131223;0000;;2,62594;;
131224;0000;;2,62;;
131225;0000;;2,62471;;
131226;0000;;2,6952;;
131227;0000;;4,29006;;
131228;0000;;3,88573;;
131229;0000;;3,7796;;
131230;0000;;2,63208;;
131231;0000;;3,47466;;
140101;0000;;2,98304;;
140102;0000;;2,73051;;
140103;0000;;5,87451;;
140104;0000;;5,3902;;
140105;0000;;2,80858;;
140106;0000;;3,94347;;
140107;0000;;9,96304;;
140108;0000;;10,9136;;
140109;0000;;3,67458;;
140110;0000;;3,42912;;
140111;0000;;3,27167;;
140112;0000;;2,76678;;
140113;0000;;2,63597;;
140114;0000;;3,34613;;
140115;0000;;2,63532;;
140116;0000;;2,62119;;
140117;0000;;2,80428;;
140118;0000;;2,67914;;
140119;0000;;2,62195;;
140120;0000;;2,66796;;
140121;0000;;2,73966;;
140122;0000;;2,82244;;
140123;0000;;2,72342;;
140124;0000;;2,62154;;
140125;0000;;3,0689;;
140126;0000;;2,83502;;
140127;0000;;2,62176;;
140128;0000;;3,51698;;
140129;0000;;3,58184;;
140130;0000;;3,19409;;
140131;0000;;2,63159;;
140201;0000;;2,62162;;
140202;0000;;2,7034;;
140203;0000;;2,66426;;
140204;0000;;2,86001;;
140205;0000;;2,7703;;
140206;0000;;3,27222;;
140207;0000;;3,08862;;
140208;0000;;3,24968;;
140209;0000;;3,31828;;
140210;0000;;4,13935;;
140211;0000;;3,21911;;
140212;0000;;3,67764;;
140213;0000;;2,71578;;
140214;0000;;2,73998;;
140215;0000;;3,64665;;
140216;0000;;2,9482;;
140217;0000;;3,26362;;
140218;0000;;3,15795;;
140219;0000;;2,92808;;
140220;0000;;4,7996;;
140221;0000;;4,11955;;
140222;0000;;7,33256;;
140223;0000;;6,33148;;
140224;0000;;5,72552;;
140225;0000;;4,00164;;
140226;0000;;5,80159;;
140227;0000;;3,83812;;
140228;0000;;3,92211;;
140301;0000;;5,79514;;
140302;0000;;5,64467;;
140303;0000;;6,4722;;
140304;0000;;3,27168;;
140305;0000;;2,83155;;
140306;0000;;4,00211;;
140307;0000;;4,72802;;
140308;0000;;3,80567;;
140309;0000;;2,67066;;
140310;0000;;2,62256;;
140311;0000;;4,69581;;
140312;0000;;3,54572;;
140313;0000;;2,68771;;
140314;0000;;2,62425;;
140315;0000;;2,63173;;
140316;0000;;3,01805;;
140317;0000;;3,41227;;
140318;0000;;3,53362;;
140319;0000;;2,75286;;
140320;0000;;4,69759;;
140321;0000;;4,31718;;
140322;0000;;3,50091;;
140323;0000;;4,36344;;
140324;0000;;3,5421;;
140325;0000;;4,26548;;
140326;0000;;2,87044;;
140327;0000;;2,65601;;
140328;0000;;3,11247;;
140329;0000;;2,63949;;
140330;0000;;2,62115;;
140331;0000;;2,68725;;
140401;0000;;2,85389;;
140402;0000;;2,82129;;
140403;0000;;3,34568;;
140404;0000;;2,85103;;
140405;0000;;3,30506;;
140406;0000;;2,62496;;
140407;0000;;4,363;;
140408;0000;;3,53602;;
140409;0000;;3,11338;;
140410;0000;;2,99406;;
140411;0000;;3,13433;;
140412;0000;;3,15057;;
140413;0000;;4,01619;;
140414;0000;;3,75075;;
140415;0000;;5,66359;;
140416;0000;;5,08214;;
140417;0000;;3,85467;;
140418;0000;;4,02484;;
140419;0000;;3,75046;;
140420;0000;;6,36488;;
140421;0000;;4,80703;;
140422;0000;;6,88981;;
140423;0000;;6,87854;;
140424;0000;;6,04479;;
140425;0000;;8,61489;;
140426;0000;;2,62431;;
140427;0000;;2,68186;;
140428;0000;;5,03679;;
140429;0000;;4,43511;;
140430;0000;;5,43522;;
140501;0000;;2,98087;;
140502;0000;;4,49272;;
140503;0000;;3,48787;;
140504;0000;;3,16273;;
140505;0000;;6,38231;;
140506;0000;;5,84374;;
140507;0000;;8,31596;;
140508;0000;;7,46561;;
140509;0000;;4,02363;;
140510;0000;;2,62;;
140511;0000;;2,63086;;
140512;0000;;3,19141;;
140513;0000;;3,97762;;
140514;0000;;3,29254;;
140515;0000;;4,14699;;
140516;0000;;4,66713;;
140517;0000;;4,74964;;
140518;0000;;4,1781;;
140519;0000;;4,08391;;
140520;0000;;4,12119;;
140521;0000;;2,62187;;
140522;0000;;5,25729;;
140523;0000;;5,05672;;
140524;0000;;2,9629;;
140525;0000;;2,66955;;
140526;0000;;10,2009;;
140527;0000;;6,1502;;
140528;0000;;3,85086;;
140529;0000;;3,3914;;
140530;0000;;2,62478;;
140531;0000;;3,26669;;
140601;0000;;5,63082;;
140602;0000;;4,06728;;
140603;0000;;3,21041;;
140604;0000;;;;
140605;0000;;2,752;;
140606;0000;;2,62795;;
140607;0000;;2,62489;;
140608;0000;;2,65202;;
140609;0000;;5,83709;;
140610;0000;;4,68796;;
140611;0000;;3,60026;;
140612;0000;;2,6222;;
140613;0000;;2,63269;;
140614;0000;;3,34996;;
140615;0000;;3,19619;;
140616;0000;;5,42294;;
140617;0000;;6,88636;;
140618;0000;;4,37782;;
140619;0000;;4,22899;;
140620;0000;;2,76163;;
140621;0000;;2,64296;;
140622;0000;;2,64639;;
140623;0000;;4,86505;;
140624;0000;;6,71832;;
140625;0000;;2,64577;;
140626;0000;;2,67846;;
140627;0000;;3,81552;;
140628;0000;;6,55431;;
140629;0000;;6,7827;;
140630;0000;;3,03586;;
140701;0000;;2,6296;;
140702;0000;;2,69649;;
140703;0000;;2,75398;;
140704;0000;;2,62551;;
140705;0000;;2,70359;;
140706;0000;;6,14949;;
140707;0000;;4,62575;;
140708;0000;;4,75738;;
140709;0000;;6,8418;;
140710;0000;;9,02962;;
140711;0000;;2,62985;;
140712;0000;;4,66403;;
140713;0000;;8,00534;;
140714;0000;;3,7061;;
140715;0000;;2,72034;;
140716;0000;;2,73578;;
140717;0000;;5,17313;;
140718;0000;;4,23235;;
140719;0000;;4,32294;;
140720;0000;;2,95599;;
140721;0000;;2,63282;;
140722;0000;;2,6202;;
140723;0000;;2,64131;;
140724;0000;;13,6004;;
140725;0000;;10,7908;;
140726;0000;;9,07773;;
140727;0000;;8,53118;;
140728;0000;;9,69773;;
140729;0000;;8,69931;;
140730;0000;;8,47535;;
140731;0000;;8,22559;;
140801;0000;;7,68786;;
140802;0000;;6,88861;;
140803;0000;;6,58302;;
140804;0000;;7,79071;;
140805;0000;;9,41564;;
140806;0000;;6,8798;;
140807;0000;;6,98264;;
140808;0000;;11,07;;
140809;0000;;7,8054;;
140810;0000;;6,27743;;
140811;0000;;7,34701;;
140812;0000;;8,61346;;
140813;0000;;11,0729;;
140814;0000;;11,1405;;
140815;0000;;8,5253;;
140816;0000;;9,35687;;
140817;0000;;9,85346;;
140818;0000;;12,8447;;
140819;0000;;6,65942;;
140820;0000;;6,38909;;
140821;0000;;6,98069;;
140822;0000;;7,80834;;
140823;0000;;6,48018;;
140824;0000;;6,14226;;
140825;0000;;6,90429;;
140826;0000;;7,12076;;
140827;0000;;6,71673;;
140828;0000;;7,94742;;
140829;0000;;8,63795;;
140830;0000;;7,24711;;
140831;0000;;7,41459;;
140901;0000;;7,04141;;
140902;0000;;6,87392;;
140903;0000;;7,17658;;
140904;0000;;7,25885;;
140905;0000;;6,54776;;
140906;0000;;6,92094;;
140907;0000;;7,29118;;
140908;0000;;7,07961;;
140909;0000;;6,60359;;
140910;0000;;7,28823;;
140911;0000;;8,64284;;
140912;0000;;8,49004;;
140913;0000;;8,87792;;
140914;0000;;7,3;;
140915;0000;;7,06785;;
140916;0000;;6,92975;;
140917;0000;;6,82985;;
140918;0000;;6,75345;;
140919;0000;;7,25592;;
140920;0000;;7,22947;;
140921;0000;;7,04729;;
140922;0000;;6,52425;;
140923;0000;;7,33819;;
140924;0000;;9,08947;;
140925;0000;;8,45184;;
140926;0000;;8,14919;;
140927;0000;;9,64778;;
140928;0000;;7,93763;;
140929;0000;;7,28237;;
140930;0000;;9,61839;;
141001;0000;;7,71431;;
141002;0000;;7,89159;;
141003;0000;;7,12662;;
141004;0000;;6,70937;;
141005;0000;;9,37157;;
141006;0000;;8,55469;;
141007;0000;;7,72019;;
141008;0000;;6,85629;;
141009;0000;;7,12662;;
141010;0000;;8,07867;;
141011;0000;;8,67222;;
141012;0000;;8,69279;;
141013;0000;;9,0454;;
141014;0000;;11,4137;;
141015;0000;;9,89166;;
141016;0000;;9,73593;;
141017;0000;;11,067;;
141018;0000;;10,6351;;
141019;0000;;9,63896;;
141020;0000;;11,5665;;
141021;0000;;11,3285;;
141022;0000;;14,8634;;
141023;0000;;11,2657;;
141024;0000;;11,2845;;
141025;0000;;9,35394;;
141026;0000;;8,59583;;
141027;0000;;9,71536;;
141028;0000;;9,18645;;
141029;0000;;7,89061;;
141030;0000;;8,26085;;
141031;0000;;8,77213;;
141101;0000;;8,65753;;
141102;0000;;8,19033;;
141103;0000;;8,24322;;
141104;0000;;10,1297;;
141105;0000;;8,349;;
141106;0000;;8,41071;;
141107;0000;;9,88285;;
141108;0000;;10,3677;;
141109;0000;;9,0983;;
141110;0000;;9,03659;;
141111;0000;;10,2178;;
141112;0000;;8,99251;;
141113;0000;;10,7027;;
141114;0000;;9,51261;;
141115;0000;;9,62721;;
141116;0000;;11,4519;;
141117;0000;;12,1572;;
141118;0000;;7,99639;;
141119;0000;;7,82891;;
141120;0000;;8,78784;;
141121;0000;;7,64379;;
141122;0000;;9,2129;;
141123;0000;;9,18645;;
141124;0000;;9,18644;;
141125;0000;;11,3462;;
141126;0000;;11,1522;;
141127;0000;;10,923;;
141128;0000;;11,0905;;
141129;0000;;8,78095;;
141130;0000;;;;
141201;0000;;11,1787;;
141202;0000;;10,2972;;
141203;0000;;13,55;;
141204;0000;;14,264;;
141205;0000;;10,6145;;
141206;0000;;7,67023;;
141207;0000;;10,5087;;
141208;0000;;9,72418;;
141209;0000;;10,6321;;
141210;0000;;8,88673;;
141211;0000;;8,63109;;
141212;0000;;9,91811;;
141213;0000;;11,3902;;
141214;0000;;8,84265;;
141215;0000;;8,27848;;
141216;0000;;10,5804;;
141217;0000;;9,25697;;
141218;0000;;10,3501;;
141219;0000;;10,923;;
141220;0000;;7,84654;;
141221;0000;;8,56938;;
141222;0000;;10,6796;;
141223;0000;;11,5137;;
141224;0000;;10,641;;
141225;0000;;10,1649;;
141226;0000;;9,82114;;
141227;0000;;10,4118;;
141228;0000;;10,7203;;
141229;0000;;10,2266;;
141230;0000;;10,4823;;
141231;0000;;9,51261;;
150101;0000;;2,74065;;
150102;0000;;3,36888;;
150103;0000;;5,0496;;
150104;0000;;4,94961;;
150105;0000;;2,91693;;
150106;0000;;2,66759;;
150107;0000;;2,62611;;
150108;0000;;2,97588;;
150109;0000;;3,42521;;
150110;0000;;2,98417;;
150111;0000;;3,59027;;
150112;0000;;3,24879;;
150113;0000;;3,11736;;
150114;0000;;7,42594;;
150115;0000;;4,32562;;
150116;0000;;2,91169;;
150117;0000;;2,67327;;
150118;0000;;2,62;;
150119;0000;;2,62;;
150120;0000;;;;
150121;0000;;;;
150122;0000;;;;
150123;0000;;2,63048;;
150124;0000;;2,65846;;
150125;0000;;2,63179;;
150126;0000;;2,63135;;
150127;0000;;2,96409;;
150128;0000;;2,75623;;
150129;0000;;2,90863;;
150130;0000;;2,64707;;
150131;0000;;2,95143;;
150201;0000;;2,69598;;
150202;0000;;2,65755;;
150203;0000;;3,06103;;
150204;0000;;2,98025;;
150205;0000;;2,66017;;
150206;0000;;2,76671;;
150207;0000;;2,66235;;
150208;0000;;2,63833;;
150209;0000;;2,63484;;
150210;0000;;2,65056;;
150211;0000;;2,66235;;
150212;0000;;3,02085;;
150213;0000;;2,93702;;
150214;0000;;2,88724;;
150215;0000;;2,66279;;
150216;0000;;2,64227;;
150217;0000;;2,66148;;
150218;0000;;2,63659;;
150219;0000;;2,6593;;
150220;0000;;2,63615;;
150221;0000;;2,63572;;
150222;0000;;2,63659;;
150223;0000;;2,64445;;
150224;0000;;2,62;;
150225;0000;;2,62218;;
150226;0000;;2,62349;;
150227;0000;;2,62873;;
150228;0000;;2,62;;
150301;0000;;2,62;;
150302;0000;;2,62931;;
150303;0000;;2,6283;;
150304;0000;;2,63397;;
150305;0000;;2,6903;;
150306;0000;;2,66541;;
150307;0000;;2,65362;;
150308;0000;;2,62567;;
150309;0000;;2,6331;;
150310;0000;;2,83615;;
150311;0000;;2,69467;;
150312;0000;;2,64052;;
150313;0000;;2,63747;;
150314;0000;;2,90208;;
150315;0000;;3,78677;;
150316;0000;;2,76628;;
150317;0000;;3,25927;;
150318;0000;;2,69379;;
150319;0000;;2,80208;;
150320;0000;;2,8261;;
150321;0000;;2,89117;;
150322;0000;;2,62;;
150323;0000;;2,62;;
150324;0000;;;;
150325;0000;;;;
150326;0000;;2,62;;
150327;0000;;2,62131;;
150328;0000;;2,6331;;
150329;0000;;2,63747;;
150330;0000;;2,62262;;
150331;0000;;2,84007;;
150401;0000;;2,75667;;
150402;0000;;2,80208;;
150403;0000;;2,62043;;
150404;0000;;2,88898;;
150405;0000;;2,63222;;
150406;0000;;2,80208;;
150407;0000;;2,62;;
150408;0000;;2,62091;;
150409;0000;;2,96933;;
150410;0000;;2,80339;;
150411;0000;;2,73222;;
150412;0000;;2,63747;;
150413;0000;;2,68418;;
150414;0000;;2,6283;;
150415;0000;;2,83134;;
150416;0000;;2,65056;;
150417;0000;;3,15971;;
150418;0000;;2,80471;;
150419;0000;;2,63528;;
150420;0000;;2,66803;;
150421;0000;;2,76279;;
150422;0000;;4,09461;;
150423;0000;;4,87887;;
150424;0000;;5,1579;;
150425;0000;;3,67105;;
150426;0000;;2,64576;;
150427;0000;;3,12129;;
150428;0000;;3,12478;;
150429;0000;;5,14611;;
150430;0000;;4,24352;;
150501;0000;;3,03876;;
150502;0000;;2,62131;;
150503;0000;;4,16972;;
150504;0000;;3,82126;;
150505;0000;;2,96889;;
150506;0000;;2,91082;;
150507;0000;;3,30775;;
150508;0000;;3,03527;;
150509;0000;;2,6724;;
150510;0000;;5,23082;;
150511;0000;;4,83783;;
150512;0000;;3,55839;;
150513;0000;;4,14916;;
150514;0000;;4,36709;;
150515;0000;;2,80296;;
150516;0000;;4,6435;;
150517;0000;;3,16146;;
150518;0000;;2,9702;;
150519;0000;;2,70951;;
150520;0000;;2,63441;;
150521;0000;;2,63616;;
150522;0000;;2,6427;;
150523;0000;;2,62305;;
150524;0000;;3,67804;;
150525;0000;;3,41342;;
150526;0000;;3,06016;;
150527;0000;;3,3418;;
150528;0000;;3,12041;;
150529;0000;;2,77676;;
150530;0000;;2,62873;;
150531;0000;;3,21474;;
150601;0000;;4,47976;;
150602;0000;;2,82523;;
150603;0000;;2,72086;;
150604;0000;;3,02915;;
150605;0000;;2,69423;;
150606;0000;;2,63397;;
150607;0000;;2,62742;;
150608;0000;;2,72785;;
150609;0000;;2,65056;;
150610;0000;;2,62043;;
150611;0000;;3,22216;;
150612;0000;;3,35534;;
150613;0000;;2,62655;;
150614;0000;;3,83262;;
150615;0000;;5,10987;;
150616;0000;;3,33176;;
150617;0000;;4,30815;;
150618;0000;;5,87665;;
150619;0000;;4,07148;;
150620;0000;;4,08152;;
150621;0000;;3,68153;;
150622;0000;;3,23875;;
150623;0000;;3,48853;;
150624;0000;;2,96714;;
150625;0000;;2,85929;;
150626;0000;;3,38579;;
150627;0000;;4,39635;;
150628;0000;;3,15229;;
150629;0000;;4,30946;;
150630;0000;;5,53474;;
150701;0000;;4,69329;;
150702;0000;;4,60726;;
150703;0000;;3,63787;;
150704;0000;;4,4933;;
150705;0000;;2,96845;;
150706;0000;;3,02653;;
150707;0000;;3,55926;;
150708;0000;;4,0348;;
150709;0000;;2,71999;;
150710;0000;;2,69423;;
150711;0000;;2,63659;;
150712;0000;;2,62;;
150713;0000;;2,62218;;
150714;0000;;5,72774;;
150715;0000;;2,95405;;
150716;0000;;2,9654;;
150717;0000;;3,13614;;
150718;0000;;2,67938;;
150719;0000;;2,62131;;
150720;0000;;3,31997;;
150721;0000;;2,85405;;
150722;0000;;5,6701;;
150723;0000;;4,55476;;
150724;0000;;5,46792;;
150725;0000;;5,30508;;
150726;0000;;4,39507;;
150727;0000;;3,58457;;
150728;0000;;2,94615;;
150729;0000;;3,37177;;
150730;0000;;4,70255;;
150731;0000;;3,75652;;
150801;0000;;3,10022;;
150802;0000;;2,66077;;
150803;0000;;3,26776;;
150804;0000;;3,61156;;
150805;0000;;3,04566;;
150806;0000;;2,62;;
150807;0000;;2,65624;;
150808;0000;;2,64718;;
150809;0000;;2,62;;
150810;0000;;;;
150811;0000;;2,79512;;
150812;0000;;2,85558;;
150813;0000;;3,24952;;
150814;0000;;3,03226;;
150815;0000;;2,68795;;
150816;0000;;3,49833;;
150817;0000;;2,92805;;
150818;0000;;4,72534;;
150819;0000;;4,15986;;
150820;0000;;3,27221;;
150821;0000;;2,62453;;
150822;0000;;2,63812;;
150823;0000;;2,62906;;
150824;0000;;3,18176;;
150825;0000;;3,13186;;
150826;0000;;2,63359;;
150827;0000;;4,1596;;
150828;0000;;3,63923;;
150829;0000;;3,31314;;
150830;0000;;3,98538;;
150831;0000;;4,64405;;
150901;0000;;4,56253;;
150902;0000;;3,45184;;
150903;0000;;4,26393;;
150904;0000;;4,31808;;
150905;0000;;3,34458;;
150906;0000;;2,64265;;
150907;0000;;2,62;;
150908;0000;;2,68342;;
150909;0000;;2,64718;;
150910;0000;;2,89627;;
150911;0000;;4,73433;;
150912;0000;;4,19133;;
150913;0000;;2,86917;;
150914;0000;;3,62103;;
150915;0000;;2,92802;;
150916;0000;;3,76083;;
150917;0000;;2,68342;;
150918;0000;;2,63812;;
150919;0000;;4,02811;;
150920;0000;;3,5395;;
150921;0000;;2,97783;;
150922;0000;;2,8963;;
150923;0000;;2,76044;;
150924;0000;;2,63359;;
150925;0000;;3,05941;;
150926;0000;;2,87823;;
150927;0000;;3,2088;;
150928;0000;;3,25421;;
150929;0000;;4,05068;;
150930;0000;;3,304;;
151001;0000;;2,62;;
151002;0000;;2,76044;;
151003;0000;;2,99602;;
151004;0000;;2,64718;;
151005;0000;;2,68795;;
151006;0000;;2,62453;;
151007;0000;;2,97329;;
151008;0000;;4,20005;;
151009;0000;;3,58005;;
151010;0000;;3,55285;;
151011;0000;;3,97387;;
151012;0000;;3,03223;;
151013;0000;;2,65171;;
151014;0000;;2,62;;
151015;0000;;2,65171;;
151016;0000;;2,86456;;
151017;0000;;3,53938;;
151018;0000;;3,61627;;
151019;0000;;2,87811;;
151020;0000;;3,05026;;
151021;0000;;3,0276;;
151022;0000;;3,13177;;
151023;0000;;3,53466;;
151024;0000;;2,8465;;
151025;0000;;2,76039;;
151026;0000;;2,66983;;
151027;0000;;3,19079;;
151028;0000;;2,62;;
151029;0000;;2,99599;;
151030;0000;;4,13238;;
151031;0000;;3,87438;;
151101;0000;;3,4986;;
151102;0000;;2,62;;
151103;0000;;2,75591;;
151104;0000;;3,6252;;
151105;0000;;4,0102;;
151106;0000;;3,05036;;
151107;0000;;2,70607;;
151108;0000;;2,87819;;
151109;0000;;2,81028;;
151110;0000;;3,88822;;
151111;0000;;3,23143;;
151112;0000;;3,00055;;
151113;0000;;5,4179;;
151114;0000;;3,72039;;
151115;0000;;3,56211;;
151116;0000;;3,20425;;
151117;0000;;2,96425;;
151118;0000;;2,77403;;
151119;0000;;2,68342;;
151120;0000;;3,34466;;
151121;0000;;3,06851;;
151122;0000;;2,99149;;
151123;0000;;3,12728;;
151124;0000;;4,10837;;
151125;0000;;2,99595;;
151126;0000;;3,36276;;
151127;0000;;3,86991;;
151128;0000;;4,6077;;
151129;0000;;4,55331;;
151130;0000;;3,28144;;
151201;0000;;2,86917;;
151202;0000;;3,19071;;
151203;0000;;3,51804;;
151204;0000;;3,88795;;
151205;0000;;3,47607;;
151206;0000;;4,15993;;
151207;0000;;3,49415;;
151208;0000;;4,09186;;
151209;0000;;4,55354;;
151210;0000;;5,56303;;
151211;0000;;4,46302;;
151212;0000;;3,49424;;
151213;0000;;3,08202;;
151214;0000;;3,29524;;
151215;0000;;4,03741;;
151216;0000;;3,70697;;
151217;0000;;3,48975;;
151218;0000;;4,48644;;
151219;0000;;4,1143;;
151220;0000;;3,879;;
151221;0000;;2,97334;;
151222;0000;;3,3626;;
151223;0000;;3,79778;;
151224;0000;;4,51726;;
151225;0000;;4,77997;;
151226;0000;;4,54902;;
151227;0000;;4,56704;;
151228;0000;;4,05553;;
151229;0000;;3,35381;;
151230;0000;;3,26784;;
151231;0000;;3,80203;;
160101;0000;3,4716;;;
160102;0000;3,13647;;;
160103;0000;3,34034;;;
160104;0000;3,43082;;;
160105;0000;3,76611;;;
160106;0000;4,01528;;;
160107;0000;3,18177;;;
160108;0000;3,00056;;;
160109;0000;3,36748;;;
160110;0000;3,36293;;;
160111;0000;3,20895;;;
160112;0000;3,43988;;;
160113;0000;3,53509;;;
160114;0000;3,52603;;;
160115;0000;3,93348;;;
160116;0000;5,03338;;;
160117;0000;5,98379;;;
160118;0000;4,45854;;;
160119;0000;4,14639;;;
160120;0000;3,85204;;;
160121;0000;3,32675;;;
160122;0000;3,59402;;;
160123;0000;4,01491;;;
160124;0000;2,6653;;;
160125;0000;3,61191;;;
160126;0000;3,41735;;;
160127;0000;3,7071;;;
160128;0000;3,76161;;;
160129;0000;4,52656;;;
160130;0000;5,39094;;;
160131;0000;4,80256;;;
160201;0000;4,25058;;;
160202;0000;3,44;;;
160203;0000;3,31769;;;
160204;0000;3,10475;;;
160205;0000;3,45359;;;
160206;0000;3,96987;;;
160207;0000;3,43545;;;
160208;0000;3,68913;;;
160209;0000;3,70703;;;
160210;0000;3,89732;;;
160211;0000;4,21404;;;
160212;0000;3,52155;;;
160213;0000;4,4946;;;
160214;0000;4,82495;;;
160215;0000;4,20505;;;
160216;0000;3,43999;;;
160217;0000;3,37657;;;
160218;0000;3,68004;;;
160219;0000;4,5572;;;
160220;0000;4,53993;;;
160221;0000;4,0962;;;
160222;0000;4,1463;;;
160223;0000;3,72518;;;
160224;0000;3,91991;;;
160225;0000;3,63896;;;
160226;0000;3,42632;;;
160227;0000;3,88793;;;
160228;0000;3,8291;;;
160229;0000;3,6166;;;
160301;0000;5,3546;;;
160302;0000;4,16876;;;
160303;0000;3,80684;;;
160304;0000;6,73478;;;
160305;0000;3,8157;;;
160306;0000;3,17724;;;
160307;0000;3,05492;;;
160308;0000;4,21866;;;
160309;0000;5,47675;;;
160310;0000;4,70292;;;
160311;0000;3,67553;;;
160312;0000;3,44;;;
160313;0000;3,93334;;;
160314;0000;4,8024;;;
160315;0000;4,36352;;;
160316;0000;3,88828;;;
160317;0000;2,63359;;;
160318;0000;3,76581;;;
160319;0000;4,07376;;;
160320;0000;4,7752;;;
160321;0000;4,81145;;;
160322;0000;5,43156;;;
160323;0000;4,00141;;;
160324;0000;3,77067;;;
160325;0000;4,30448;;;
160326;0000;3,58045;;;
160327;0000;3,01868;;;
160328;0000;3,4264;;;
160329;0000;4,06477;;;
160330;0000;3,47624;;;
160331;0000;4,83445;;;
160401;0000;5,22366;;;
160402;0000;3,92457;;;
160403;0000;3,24959;;;
160404;0000;4,34523;;;
160405;0000;4,26402;;;
160406;0000;4,2821;;;
160407;0000;3,76609;;;
160408;0000;4,58531;;;
160409;0000;5,62642;;;
160410;0000;5,06974;;;
160411;0000;7,20589;;;
160412;0000;3,85658;;;
160413;0000;3,30407;;;
160414;0000;3,73446;;;
160415;0000;3,24973;;;
160416;0000;3,3448;;;
160417;0000;2,87371;;;
160418;0000;2,62453;;;
160419;0000;2,62906;;;
160420;0000;3,20336;;;
160421;0000;4,55803;;;
160422;0000;3,73428;;;
160423;0000;3,07304;;;
160424;0000;2,69702;;;
160425;0000;3,11833;;;
160426;0000;3,45353;;;
160427;0000;3,86578;;;
160428;0000;6,26011;;;
160429;0000;5,37304;;;
160430;0000;7,37347;;;
160501;0000;5,39114;;;
160502;0000;5,12405;;;
160503;0000;6,29631;;;
160504;0000;5,90708;;;
160505;0000;4,00161;;;
160506;0000;4,33089;;;
160507;0000;5,77584;;;
160508;0000;3,99264;;;
160509;0000;5,90706;;;
160510;0000;3,9519;;;
160511;0000;4,02428;;;
160512;0000;6,51348;;;
160513;0000;5,82563;;;
160514;0000;4,46786;;;
160515;0000;5,25536;;;
160516;0000;6,17864;;;
160517;0000;5,27347;;;
160518;0000;3,87493;;;
160519;0000;3,62575;;;
160520;0000;3,74803;;;
160521;0000;3,34034;;;
160522;0000;4,13285;;;
160523;0000;4,68952;;;
160524;0000;4,80697;;;
160525;0000;4,23685;;;
160526;0000;4,63279;;;
160527;0000;5,40468;;;
160528;0000;4,27776;;;
160529;0000;2,77404;;;
160530;0000;3,51659;;;
160531;0000;4,51453;;;
160601;0000;4,91583;;;
160602;0000;3,13183;;;
160603;0000;2,62;;;
160604;0000;2,64265;;;
160605;0000;2,83746;;;
160606;0000;6,24158;;;
160607;0000;7,46829;;;
160608;0000;7,33726;;;
160609;0000;5,83434;;;
160610;0000;6,00666;;;
160611;0000;5,27347;;;
160612;0000;3,29956;;;
160613;0000;3,3947;;;
160614;0000;3,93354;;;
160615;0000;4,60815;;;
160616;0000;4,91123;;;
160617;0000;6,51354;;;
160618;0000;6,00666;;;
160619;0000;3,91533;;;
160620;0000;3,23148;;;
160621;0000;5,2914;;;
160622;0000;6,46825;;;
160623;0000;5,08329;;;
160624;0000;3,38107;;;
160625;0000;3,56228;;;
160626;0000;3,24515;;;
160627;0000;3,38553;;;
160628;0000;3,9969;;;
160629;0000;2,86464;;;
160630;0000;4,54028;;;
160701;0000;4,46314;;;
160702;0000;2,96884;;;
160703;0000;3,30403;;;
160704;0000;4,38151;;;
160705;0000;4,52635;;;
160706;0000;7,82124;;;
160707;0000;8,78553;;;
160708;0000;5,09235;;;
160709;0000;4,54024;;;
160710;0000;3,69802;;;
160711;0000;2,62906;;;
160712;0000;3,54863;;;
160713;0000;2,99602;;;
160714;0000;2,87823;;;
160715;0000;4,48552;;;
160716;0000;3,46715;;;
160717;0000;3,83365;;;
160718;0000;5,54484;;;
160719;0000;5,30063;;;
160720;0000;4,12381;;;
160721;0000;5,43181;;;
160722;0000;3,66178;;;
160723;0000;3,93364;;;
160724;0000;3,46716;;;
160725;0000;2,74232;;;
160726;0000;5,41773;;;
160727;0000;5,11778;;;
160728;0000;4,49923;;;
160729;0000;4,48111;;;
160730;0000;3,35832;;;
160731;0000;3,13647;;;
160801;0000;4,20957;;;
160802;0000;5,16024;;;
160803;0000;4,43604;;;
160804;0000;4,55817;;;
160805;0000;3,8203;;;
160806;0000;6,06059;;;
160807;0000;4,32301;;;
160808;0000;4,7709;;;
160809;0000;7,1698;;;
160810;0000;5,53594;;;
160811;0000;3,58931;;;
160812;0000;5,11029;;;
160813;0000;5,02447;;;
160814;0000;4,06505;;;
160815;0000;3,61201;;;
160816;0000;3,44448;;;
160817;0000;3,26179;;;
160818;0000;3,13194;;;
160819;0000;3,29952;;;
160820;0000;4,48104;;;
160821;0000;5,02443;;;
160822;0000;5,41361;;;
160823;0000;2,75138;;;
160824;0000;2,70155;;;
160825;0000;3,35382;;;
160826;0000;3,56665;;;
160827;0000;3,33124;;;
160828;0000;3,89706;;;
160829;0000;5,51882;;;
160830;0000;5,22798;;;
160831;0000;3,11835;;;
160901;0000;4,11444;;;
160902;0000;3,10314;;;
160903;0000;4,85846;;;
160904;0000;3,35906;;;
160905;0000;4,43271;;;
160906;0000;7,30326;;;
160907;0000;4,46437;;;
160908;0000;6,66408;;;
160909;0000;5,72143;;;
160910;0000;4,88739;;;
160911;0000;3,24443;;;
160912;0000;3,14946;;;
160913;0000;5,94467;;;
160914;0000;5,21216;;;
160915;0000;3,96711;;;
160916;0000;3,37271;;;
160917;0000;2,74117;;;
160918;0000;6,13899;;;
160919;0000;5,2471;;;
160920;0000;4,87156;;;
160921;0000;4,22693;;;
160922;0000;6,47577;;;
160923;0000;3,30884;;;
160924;0000;3,17511;;;
160925;0000;3,15928;;;
160926;0000;5,44087;;;
160927;0000;4,2051;;;
160928;0000;4,97964;;;
160929;0000;2,84816;;;
160930;0000;3,10143;;;
161001;0000;3,40764;;;
161002;0000;5,60844;;;
161003;0000;3,50453;;;
161004;0000;2,75318;;;
161005;0000;4,57409;;;
161006;0000;3,22969;;;
161007;0000;2,80013;;;
161008;0000;3,48951;;;
161009;0000;3,85358;;;
161010;0000;2,92948;;;
161011;0000;3,0332;;;
161012;0000;3,34164;;;
161013;0000;2,92512;;;
161014;0000;3,55065;;;
161015;0000;3,16474;;;
161016;0000;;;;
161017;0000;;;;
161018;0000;2,92785;;;
161019;0000;4,59155;;;
161020;0000;4,56208;;;
161021;0000;4,21547;;;
161022;0000;3,44202;;;
161023;0000;2,69696;;;
161024;0000;2,86835;;;
161025;0000;3,38362;;;
161026;0000;6,38964;;;
161027;0000;4,7624;;;
161028;0000;3,01682;;;
161029;0000;2,91475;;;
161030;0000;2,90602;;;
161031;0000;3,15928;;;
161101;0000;3,27173;;;
161102;0000;4,3432;;;
161103;0000;5,35681;;;
161104;0000;4,73888;;;
161105;0000;3,80119;;;
161106;0000;3,37052;;;
161107;0000;3,76298;;;
161108;0000;3,04029;;;
161109;0000;4,28152;;;
161110;0000;4,20892;;;
161111;0000;3,34741;;;
161112;0000;3,1511;;;
161113;0000;2,92403;;;
161114;0000;3,09651;;;
161115;0000;3,23749;;;
161116;0000;3,43929;;;
161117;0000;5,38082;;;
161118;0000;5,45188;;;
161119;0000;5,90482;;;
161120;0000;4,57645;;;
161121;0000;6,74286;;;
161122;0000;5,86916;;;
161123;0000;5,44123;;;
161124;0000;5,16486;;;
161125;0000;4,62166;;;
161126;0000;3,06786;;;
161127;0000;4,61693;;;
161128;0000;5,75327;;;
161129;0000;8,07123;;;
161130;0000;;;;
161201;0000;8,31194;;;
161202;0000;7,75028;;;
161203;0000;6,90036;;;
161204;0000;4,0029;;;
161205;0000;5,32235;;;
161206;0000;7,66708;;;
161207;0000;9,08164;;;
161208;0000;8,60318;;;
161209;0000;3,77408;;;
161210;0000;5,44421;;;
161211;0000;5,72652;;;
161212;0000;4,9598;;;
161213;0000;8,19014;;;
161214;0000;9,23914;;;
161215;0000;8,15147;;;
161216;0000;6,32087;;;
161217;0000;6,09799;;;
161218;0000;7,17079;;;
161219;0000;7,83053;;;
161220;0000;7,20051;;;
161221;0000;7,68194;;;
161222;0000;7,08164;;;
161223;0000;7,08164;;;
161224;0000;8,48431;;;
161225;0000;6,57347;;;
161226;0000;5,23618;;;
161227;0000;7,72354;;;
161228;0000;8,10689;;;
161229;0000;7,52443;;;
161230;0000;6,68936;;;
161231;0000;7,25995;;;
170101;0000;;7,8335;;
170102;0000;;8,04683;;
170103;0000;;8,38031;;
170104;0000;;9,51849;;
170105;0000;;8,87956;;
170106;0000;;8,47242;;
170107;0000;;8,21685;;
170108;0000;;7,55415;;
170109;0000;;7,79783;;
170110;0000;;7,66113;;
170111;0000;;9,36098;;
170112;0000;;8,55266;;
170113;0000;;7,8959;;
170114;0000;;7,32236;;
170115;0000;;7,5066;;
170116;0000;;8,09501;;
170117;0000;;8,75474;;
170118;0000;;9,15593;;
170119;0000;;11,043;;
170120;0000;;10,5943;;
170121;0000;;10,4903;;
170122;0000;;9,35207;;
170123;0000;;9,1589;;
170124;0000;;9,569;;
170125;0000;;10,5734;;
170126;0000;;10,2466;;
170127;0000;;8,56158;;
170128;0000;;9,2748;;
170129;0000;;10,1871;;
170130;0000;;11,2451;;
170131;0000;;9,81269;;
170201;0000;;10,8082;;
170202;0000;;10,5853;;
170203;0000;;8,00586;;
170204;0000;;4,60321;;
170205;0000;;6,41596;;
170206;0000;;7,61061;;
170207;0000;;6,59723;;
170208;0000;;6,39515;;
170209;0000;;7,31344;;
170210;0000;;7,72355;;
170211;0000;;7,95534;;
170212;0000;;6,93008;;
170213;0000;;7,50661;;
170214;0000;;7,05786;;
170215;0000;;6,49917;;
170216;0000;;6,21983;;
170217;0000;;6,10986;;
170218;0000;;6,11285;;
170219;0000;;6,31493;;
170220;0000;;6,13662;;
170221;0000;;6,8023;;
170222;0000;;6,43975;;
170223;0000;;7,39071;;
170224;0000;;6,20201;;
170225;0000;;6,62695;;
170226;0000;;7,22727;;
170227;0000;;6,0326;;
170228;0000;;7,51552;;
170301;0000;;7,87509;;
170302;0000;;6,0861;;
170303;0000;;7,73542;;
170304;0000;;6,60617;;
170305;0000;;6,81417;;
170306;0000;;8,96275;;
170307;0000;;7,22428;;
170308;0000;;6,92118;;
170309;0000;;6,09205;;
170310;0000;;4,94197;;
170311;0000;;5,11434;;
170312;0000;;4,69234;;
170313;0000;;6,21092;;
170314;0000;;6,06826;;
170315;0000;;5,7176;;
170316;0000;;4,93902;;
170317;0000;;7,0222;;
170318;0000;;5,17377;;
170319;0000;;4,79635;;
170320;0000;;5,12325;;
170321;0000;;5,11731;;
170322;0000;;4,84687;;
170323;0000;;5,05788;;
170324;0000;;2,90335;;
170325;0000;;3,70274;;
170326;0000;;3,52445;;
170327;0000;;4,65967;;
170328;0000;;5,64629;;
170329;0000;;6,3476;;
170330;0000;;5,17971;;
170331;0000;;5,26589;;
170401;0000;;5,47391;;
170402;0000;;5,68194;;
170403;0000;;5,7503;;
170404;0000;;5,54227;;
170405;0000;;6,68935;;
170406;0000;;7,046;;
170407;0000;;5,44421;;
170408;0000;;6,19902;;
170409;0000;;5,86026;;
170410;0000;;6,68533;;
170411;0000;;;4,87364;
170412;0000;;;5,4145;
170413;0000;;;5,4145;
170414;0000;;;5,44125;
170415;0000;;;5,42342;
170416;0000;;;5,49474;
170417;0000;;;5,65522;
170418;0000;;;5,8781;
170419;0000;;;6,11881;
170420;0000;;;6,45759;
170421;0000;;;6,87661;
170422;0000;;;7,4561;
170423;0000;;;7,79489;
170424;0000;;;7,94644;
170425;0000;;;7,96427;
170426;0000;;;7,97022;
170427;0000;;;7,96427;
170428;0000;;;7,97316;
170429;0000;;;7,96425;
170430;0000;;;7,89589;
170501;0000;;;7,9;
170502;0000;;;7,96;
170503;0000;;;7,84;
170504;0000;;;7,95;
170505;0000;;;7,96;
170506;0000;;;7,95;
170507;0000;;;7,99;
170508;0000;;;7,97;
170509;0000;;;7,98;
170510;0000;;;7,99;
170511;0000;;;7,98;
170512;0000;;;8;
170513;0000;;;7,99;
170514;0000;;;7,99;
170515;0000;;;8,01;
170516;0000;;;8;
170517;0000;;;8,01;
170518;0000;;;8;
170519;0000;;;8,04;
170520;0000;;;8,02;
170521;0000;;;8,03;
170522;0000;;;8;
170523;0000;;;8;
170524;0000;;;8,01;
170525;0000;;;7,99;
170526;0000;;;8,02;
170527;0000;;;8,02;
170528;0000;;;8,01;
170529;0000;;;8,01;
170530;0000;;;8,01;
170531;0000;;;8,04;
170601;0000;;;8,07;
170602;0000;;;8,05;
170603;0000;;;8,06;
170604;0000;;;8,04;
170605;0000;;;8,1;
170606;0000;;;8,06;
170607;0000;;;8,96;
170608;0000;;8,91;;
170609;0000;;16,94;;
170610;0000;;18,88;;
170611;0000;;16,58;;
170612;0000;;14,31;;
170613;0000;;12,37;;
170614;0000;;11,71;;
170615;0000;;12,2;;
170616;0000;;7,2;;
170617;0000;;6,59;;
170618;0000;;12,63;;
170619;0000;;12,34;;
170620;0000;;16,12;;
170621;0000;;17,87;;
170622;0000;;9,2;;
170623;0000;;11,56;;
170624;0000;;11,95;;
170625;0000;;10,36;;
170626;0000;;8,02;;
170627;0000;;9,23;;
170628;0000;;10,88;;
170629;0000;;12,32;;
170630;0000;;14,28;;
170701;0000;;13,69;;
170702;0000;;17,15;;
170703;0000;;7,67;;
170704;0000;;7,97;;
170705;0000;;14,11;;
170706;0000;;14,62;;
170707;0000;;12,57;;
170708;0000;;16,04;;
170709;0000;;13,06;;
170710;0000;;13,63;;
170711;0000;;12,55;;
170712;0000;;10,66;;
170713;0000;;8,09;;
170714;0000;;8,82;;
170715;0000;;;;
170716;0000;;12,17;;
170717;0000;;12,36;;
170718;0000;;16,61;;
170719;0000;;13,57;;
170720;0000;;11,82;;
170721;0000;;12,64;;
170722;0000;;9,47;;
170723;0000;;11,05;;
170724;0000;;10,57;;
170725;0000;;13,94;;
170726;0000;;12,46;;
170727;0000;;13,09;;
170728;0000;;11,82;;
170729;0000;;11,64;;
170730;0000;;12;;
170731;0000;;13,23;;
170801;0000;;9,36;;
170802;0000;;11,35;;
170803;0000;;13,1;;
170804;0000;;9,99;;
170805;0000;;10,14;;
170806;0000;;12,2;;
170807;0000;;10,6;;
170808;0000;;11,67;;
170809;0000;;11,05;;
170810;0000;;7,22;;
170811;0000;;7,13;;
170812;0000;;9,64;;
170813;0000;;8,5;;
170814;0000;;9,25;;
170815;0000;;10,99;;
170816;0000;;13,3;;
170817;0000;;12,4;;
170818;0000;;9,96;;
170819;0000;;7,9;;
170820;0000;;12,86;;
170821;0000;;10,92;;
170822;0000;;10,29;;
170823;0000;;9,63;;
170824;0000;;9,37;;
170825;0000;;9,46;;
170826;0000;;11,87;;
170827;0000;;9,53;;
170828;0000;;12,79;;
170829;0000;;9,39;;
170830;0000;;13,39;;
170831;0000;;12,01;;
170901;0000;;8,91;;
170902;0000;;10,33;;
170903;0000;;8,9;;
170904;0000;;11,19;;
170905;0000;;12,17;;
170906;0000;;10,55;;
170907;0000;;9,93;;
170908;0000;;8,53;;
170909;0000;;9,63;;
170910;0000;;8,75;;
170911;0000;;10,2;;
170912;0000;;10,39;;
170913;0000;;8,07;;
170914;0000;;8,08;;
170915;0000;;11,47;;
170916;0000;;10,02;;
170917;0000;;9,7;;
170918;0000;;8,17;;
170919;0000;;6,21;;
170920;0000;;7,63;;
170921;0000;;8,03;;
170922;0000;;10,09;;
170923;0000;;8,56;;
170924;0000;;8,27;;
170925;0000;;8,9;;
170926;0000;;9,32;;
170927;0000;;9,64;;
170928;0000;;9,42;;
170929;0000;;9,75;;
170930;0000;;;;
171001;0000;;;;
171002;0000;;;;
171003;0000;;9,28;;
171004;0000;;8,16;;
171005;0000;;;;
171006;0000;;9,33;;
171007;0000;;7,3;;
171008;0000;;7,13;;
171009;0000;;8,47;;
171010;0000;;6,72;;
171011;0000;;6,99;;
171012;0000;;8,06;;
171013;0000;;9,16;;
171014;0000;;11,25;;
171015;0000;;8,79;;
171016;0000;;7,5;;
171017;0000;;8,29;;
171018;0000;;7,05;;
171019;0000;;10,49;;
171020;0000;;8,54;;
171021;0000;;11,66;;
171022;0000;;8,45;;
171023;0000;;8,45;;
171024;0000;;7,46;;
171025;0000;;8,62;;
171026;0000;;8,23;;
171027;0000;;9,95;;
171028;0000;;6,85;;
171029;0000;;6,17;;
171030;0000;;7,97;;
171031;0000;;9,71;;
171101;0000;;8,12;;
171102;0000;;6,77;;
171103;0000;;7,95;;
171104;0000;;8,82;;
171105;0000;;8,58;;
171106;0000;;8,35;;
171107;0000;;7,36;;
171108;0000;;8,19;;
171109;0000;;8,79;;
171110;0000;;9,85;;
171111;0000;;11,29;;
171112;0000;;8,95;;
171113;0000;;9,14;;
171114;0000;;7,5;;
171115;0000;;8,77;;
171116;0000;;10,32;;
171117;0000;;9,23;;
171118;0000;;10,71;;
171119;0000;;9,49;;
171120;0000;;7,17;;
171121;0000;;9,99;;
171122;0000;;8,67;;
171123;0000;;8,44;;
171124;0000;;8,35;;
171125;0000;;9,83;;
171126;0000;;8,03;;
171127;0000;;8,36;;
171128;0000;;7,58;;
171129;0000;;7,28;;
171130;0000;;8,67;;
171201;0000;;8,73;;
171202;0000;;6,92;;
171203;0000;;8,64;;
171204;0000;;9,3;;
171205;0000;;7,92;;
171206;0000;;8,55;;
171207;0000;;8,93;;
171208;0000;;8,5;;
171209;0000;;11,33;;
171210;0000;;10,29;;
171211;0000;;8,15;;
171212;0000;;6,64;;
171213;0000;;7,49;;
171214;0000;;9,86;;
171215;0000;;11,17;;
171216;0000;;8,5;;
171217;0000;;9,46;;
171218;0000;;9,62;;
171219;0000;;11,35;;
171220;0000;;9,55;;
171221;0000;;10,29;;
171222;0000;;9,78;;
171223;0000;;9,3;;
171224;0000;;10,89;;
171225;0000;;9,53;;
171226;0000;;9,22;;
171227;0000;;9,62;;
171228;0000;;9,99;;
171229;0000;;9,44;;
171230;0000;9,76;;;
171231;0000;9,04;;;
180101;0000;9,72;;;
180102;0000;9,07;;;
180103;0000;9,54;;;
180104;0000;9,1;;;
180105;0000;8,75;;;
180106;0000;11,45;;;
180107;0000;9,8;;;
180108;0000;8,65;;;
180109;0000;8,87;;;
180110;0000;9,77;;;
180111;0000;9,16;;;
180112;0000;8,5;;;
180113;0000;15,06;;;
180114;0000;9,18;;;
180115;0000;8,23;;;
180116;0000;8,03;;;
180117;0000;10,19;;;
180118;0000;10,47;;;
180119;0000;9,73;;;
180120;0000;8,76;;;
180121;0000;7,45;;;
180122;0000;8,17;;;
180123;0000;8,63;;;
180124;0000;8,82;;;
180125;0000;8,32;;;
180126;0000;;8,43;;
180127;0000;;9,01;;
180128;0000;;10,34;;
180129;0000;;8,49;;
180130;0000;;9,04;;
180131;0000;;9,42;;
180201;0000;;9,79;;
180202;0000;;10,32;;
180203;0000;;9,18;;
180204;0000;;8,91;;
180205;0000;;10,27;;
180206;0000;;9,01;;
180207;0000;;9,99;;
180208;0000;;9,22;;
180209;0000;;9,34;;
180210;0000;;10,58;;
180211;0000;;12,06;;
180212;0000;;15,55;;
180213;0000;;10,22;;
180214;0000;;12,67;;
180215;0000;;10,06;;
180216;0000;;10,53;;
180217;0000;;8,96;;
180218;0000;;8,16;;
180219;0000;;8,46;;
180220;0000;;8,37;;
180221;0000;;10,74;;
180222;0000;;9,22;;
180223;0000;;10,13;;
180224;0000;;8,51;;
180225;0000;;11,66;;
180226;0000;;9,34;;
180227;0000;;7,67;;
180228;0000;;9,62;;
180301;0000;;10,49;;
180302;0000;;10,94;;
180303;0000;;9,38;;
180304;0000;;8,74;;
180305;0000;;10,5;;
180306;0000;;10,85;;
180307;0000;;9,13;;
180308;0000;;10,29;;
180309;0000;;9,91;;
180310;0000;;8,56;;
180311;0000;;9,97;;
180312;0000;;8,56;;
180313;0000;;7,93;;
180314;0000;;7,81;;
180315;0000;;10,5;;
180316;0000;;8,67;;
180317;0000;;7,52;;
180318;0000;;7,72;;
180319;0000;;8,03;;
180320;0000;;10,79;;
180321;0000;;8,68;;
180322;0000;;8,73;;
180323;0000;;7,72;;
180324;0000;;9,53;;
180325;0000;;10,53;;
180326;0000;;9,99;;
180327;0000;;11,61;;
180328;0000;;10,1;;
180329;0000;;9,57;;
180330;0000;;9,79;;
180331;0000;;8,18;;
180401;0000;;8,72;;
180402;0000;;9,01;;
180403;0000;;10,56;;
180404;0000;;9,49;;
180405;0000;;9,62;;
180406;0000;;9,52;;
180407;0000;;8,24;;
180408;0000;;8,54;;
180409;0000;;9,82;;
180410;0000;;9,03;;
180411;0000;;8,54;;
180412;0000;;10,04;;
180413;0000;;10,21;;
180414;0000;;10,3;;
180415;0000;;9,97;;
180416;0000;;9,3;;
180417;0000;;9,52;;
180418;0000;;11,12;;
180419;0000;;10,04;;
180420;0000;;11,25;;
180421;0000;;11,61;;
180422;0000;;;;
180423;0000;;;;
180424;0000;;10,44;;
180425;0000;;12,03;;
180426;0000;;9,54;;
180427;0000;;12,38;;
180428;0000;;10,71;;
180429;0000;;9,2;;
180430;0000;;8,92;;
180501;0000;;8,8;;
180502;0000;;8,98;;
180503;0000;;9,94;;
180504;0000;;9,56;;
180505;0000;;9,47;;
180506;0000;;8,45;;
180507;0000;;8;;
180508;0000;;8,69;;
180509;0000;;9;;
180510;0000;;9;;
180511;0000;;11,66;;
180512;0000;;9,98;;
180513;0000;;7,24;;
180514;0000;;8,92;;
180515;0000;;10,8;;
180516;0000;;10,88;;
180517;0000;;9,64;;
180518;0000;;11,47;;
180519;0000;;13;;
180520;0000;;11,22;;
180521;0000;;9,15;;
180522;0000;;11,76;;
180523;0000;;10,95;;
180524;0000;;14,5;;
180525;0000;;11,62;;
180526;0000;;9,51;;
180527;0000;;9,31;;
180528;0000;;9,2;;
180529;0000;;8,15;;
180530;0000;;8,14;;
180531;0000;;7,98;;
180601;0000;;9,39;;
180602;0000;;9,86;;
180603;0000;;8,03;;
180604;0000;;10,65;;
180605;0000;;13,41;;
180606;0000;;12,65;;
180607;0000;;12,82;;
180608;0000;;13,31;;
180609;0000;;10,58;;
180610;0000;;;;
180611;0000;;6,97;;
180612;0000;;8,81;;
180613;0000;;9,32;;
180614;0000;;9,3;;
180615;0000;;10,54;;
180616;0000;;9,58;;
180617;0000;;9,06;;
180618;0000;;9,3;;
180619;0000;;9,39;;
180620;0000;;9,3;;
180621;0000;;10,45;;
180622;0000;;11,44;;
180623;0000;;11,76;;
180624;0000;;9,83;;
180625;0000;;10,65;;
180626;0000;;12;;
180627;0000;;12,94;;
180628;0000;;10,48;;
180629;0000;;11,22;;
180630;0000;;9,74;;
180701;0000;;7,79;;
180702;0000;;8,92;;
180703;0000;;10,12;;
180704;0000;;8,57;;
180705;0000;;;;
180706;0000;;;;
180707;0000;;9,33;;
180708;0000;;10,92;;
180709;0000;;11,83;;
180710;0000;;8,99;;
180711;0000;;9,15;;
180712;0000;;10,95;;
180713;0000;;13,28;;
180714;0000;;9,95;;
180715;0000;;8,25;;
180716;0000;;8,6;;
180717;0000;;9,53;;
180718;0000;;9,76;;
180719;0000;;8,71;;
180720;0000;;12,33;;
180721;0000;;12,23;;
180722;0000;;9,37;;
180723;0000;;12,64;;
180724;0000;;12,61;;
180725;0000;;11,14;;
180726;0000;;11,23;;
180727;0000;;8,25;;
180728;0000;;10,32;;
180729;0000;;9,88;;
180730;0000;;12,03;;
180731;0000;;12,33;;
180801;0000;;11,62;;
180802;0000;;8,63;;
180803;0000;;9,01;;
180804;0000;;10,59;;
180805;0000;;11,42;;
180806;0000;;11,76;;
180807;0000;;8,51;;
180808;0000;;10,34;;
180809;0000;;10,97;;
180810;0000;;11,9;;
180811;0000;;10,84;;
180812;0000;;9,33;;
180813;0000;;8,6;;
180814;0000;;12,39;;
180815;0000;;11,4;;
180816;0000;;12,48;;
180817;0000;;10,07;;
180818;0000;;8,91;;
180819;0000;;12,61;;
180820;0000;;11,87;;
180821;0000;;10,93;;
180822;0000;;9,66;;
180823;0000;;8,64;;
180824;0000;;9,73;;
180825;0000;;12,06;;
180826;0000;;11,42;;
180827;0000;;9,67;;
180828;0000;;10,04;;
180829;0000;;10,1;;
180830;0000;;9,06;;
180831;0000;;8,7;;
180901;0000;;9,95;;
180902;0000;;10,95;;
180903;0000;;11,48;;
180904;0000;;11,62;;
180905;0000;;8,75;;
180906;0000;;9,96;;
180907;0000;;10,01;;
180908;0000;;10,5;;
180909;0000;;9,84;;
180910;0000;;11,16;;
180911;0000;;10,17;;
180912;0000;;10,16;;
180913;0000;;9,47;;
180914;0000;;9,21;;
180915;0000;;8,69;;
180916;0000;;8,77;;
180917;0000;;8,82;;
180918;0000;;8,66;;
180919;0000;;8,69;;
180920;0000;;9,34;;
180921;0000;;9,07;;
180922;0000;;8,68;;
180923;0000;;8,13;;
180924;0000;;9,46;;
180925;0000;;10,89;;
180926;0000;;10,32;;
180927;0000;;9,26;;
180928;0000;;9,55;;
180929;0000;;7,83;;
180930;0000;;8,02;;
181001;0000;;9,08;;
181002;0000;;11,05;;
181003;0000;;10,94;;
181004;0000;;10,63;;
181005;0000;;10,82;;
181006;0000;;9,56;;
181007;0000;;9,78;;
181008;0000;;8,82;;
181009;0000;;9,03;;
181010;0000;;10,5;;
181011;0000;;9,37;;
181012;0000;;8,91;;
181013;0000;;8,78;;
181014;0000;;8,7;;
181015;0000;;8,84;;
181016;0000;;8,59;;
181017;0000;;8,83;;
181018;0000;;8,75;;
181019;0000;;8,94;;
181020;0000;;8,65;;
181021;0000;;9,57;;
181022;0000;;10,44;;
181023;0000;;9,25;;
181024;0000;;10,89;;
181025;0000;;9,63;;
181026;0000;;9,34;;
181027;0000;;11,33;;
181028;0000;;10,82;;
181029;0000;;12,62;;
181030;0000;;8,68;;
181031;0000;;9,78;;
181101;0000;;9,04;;
181102;0000;;9,25;;
181103;0000;;10,35;;
181104;0000;;9,25;;
181105;0000;;10,75;;
181106;0000;;13,18;;
181107;0000;;11,05;;
181108;0000;;9,62;;
181109;0000;;;;
181110;0000;;;;
181111;0000;;;;
181112;0000;;;;
181113;0000;;;;
181114;0000;;;;
181115;0000;;9,96;;
181116;0000;;9,33;;
181117;0000;;10,56;;
181118;0000;;10,96;;
181119;0000;;10,75;;
181120;0000;;11,29;;
181121;0000;;10,5;;
181122;0000;;10,07;;
181123;0000;;10,63;;
181124;0000;;10,48;;
181125;0000;;9,58;;
181126;0000;;9,4;;
181127;0000;;12,04;;
181128;0000;;11,02;;
181129;0000;;10,23;;
181130;0000;;10,28;;
181201;0000;;10,25;;
181202;0000;;10,98;;
181203;0000;;10,08;;
181204;0000;;9,24;;
181205;0000;;10,52;;
181206;0000;;11,43;;
181207;0000;;10,37;;
181208;0000;;9,47;;
181209;0000;;10,64;;
181210;0000;;9,74;;
181211;0000;;10,41;;
181212;0000;;9,91;;
181213;0000;;9,12;;
181214;0000;;9,84;;
181215;0000;;10,08;;
181216;0000;;10,07;;
181217;0000;;10,06;;
181218;0000;;13,36;;
181219;0000;;16,13;;
181220;0000;;;;
181221;0000;;;;
181222;0000;;12,13;;
181223;0000;;12,39;;
181224;0000;;12,35;;
181225;0000;;12,35;;
181226;0000;;12,26;;
181227;0000;;13,28;;
181228;0000;;12,41;;
181229;0000;;12,73;;
181230;0000;;12,25;;
181231;0000;;11,97;;
190101;0000;;;12,48;
190102;0000;;;12,92;
190103;0000;;;14,04;
190104;0000;;;13,32;
190105;0000;;;12,68;
190106;0000;;;11,31;
190107;0000;;;11,72;
190108;0000;;;11,62;
190109;0000;;;16,16;
190110;0000;;;11,9;
190111;0000;;;12,45;
190112;0000;;;12,04;
190113;0000;;;12,83;
190114;0000;;;12,24;
190115;0000;;;12,72;
190116;0000;;;14,12;
190117;0000;;;12,13;
190118;0000;;;14,18;
190119;0000;;;13,88;
190120;0000;;;12,76;
190121;0000;;;13,44;
190122;0000;;;12,86;
190123;0000;;;13,04;
190124;0000;;;13,47;
190125;0000;;;13,63;
190126;0000;;;13,6;
190127;0000;;;12,87;
190128;0000;;;12,71;
190129;0000;;;12,49;
190130;0000;;;12,26;
190131;0000;;;13,07;
190201;0000;;;12,63;
190202;0000;;;12,39;
190203;0000;;;12,51;
190204;0000;;;13,07;
190205;0000;;;12,95;
190206;0000;;;12,38;
190207;0000;;;12,74;
190208;0000;;;11,65;
190209;0000;;;11,82;
190210;0000;;;18,87;
190211;0000;;;19,5;
190212;0000;;;19,64;
190213;0000;;;19,57;
190214;0000;;;24,09;
190215;0000;;;20,51;
190216;0000;;;18,11;
190217;0000;;;18,73;
190218;0000;;;19,59;
190219;0000;;;19,4;
190220;0000;;;19,98;
190221;0000;;;20,07;
190222;0000;;;19,68;
190223;0000;;;19,3;
190224;0000;;;19,28;
190225;0000;;;19,22;
190226;0000;;;19,93;
190227;0000;;;20,06;
190228;0000;;;20,24;
190301;0000;;;20,16;
190302;0000;;;20,38;
190303;0000;;;20,39;
190304;0000;;;21,05;
190305;0000;;;20,66;
190306;0000;;;20,16;
190307;0000;;;19,59;
190308;0000;;;19,17;
190309;0000;;;20,03;
190310;0000;;;19,14;
190311;0000;;;19,7;
190312;0000;;;19,76;
190313;0000;;;20,31;
190314;0000;;;19,98;
190315;0000;;;20,25;
190316;0000;;;20,39;
190317;0000;;;19,47;
190318;0000;;;19,22;
190319;0000;;;19,28;
190320;0000;;;20,12;
190321;0000;;;19,85;
190322;0000;;;20,49;
190323;0000;;;19,34;
190324;0000;;;18,77;
190325;0000;;;19,14;
190326;0000;;;20,07;
190327;0000;;;21,02;
190328;0000;;;18,52;
190329;0000;;;19,32;
190330;0000;;;18,98;
190331;0000;;;17,47;
190401;0000;;;18,39;
190402;0000;;;18,78;
190403;0000;;;18,51;
190404;0000;;;17,59;
190405;0000;;;18,61;
190406;0000;;;19,31;
190407;0000;;;18,74;
190408;0000;;;18,91;
190409;0000;;;17,3;
190410;0000;;;19,63;
190411;0000;;;19,35;
190412;0000;;;18,09;
190413;0000;;;17,59;
190414;0000;;;18,68;
190415;0000;;;19,45;
190416;0000;;;19,58;
190417;0000;;;20,49;
190418;0000;;;19;
190419;0000;;;17,49;
190420;0000;;;17,05;
190421;0000;;;17,5;
190422;0000;;;18,22;
190423;0000;;;18,45;
190424;0000;;;17,51;
190425;0000;;;17,74;
190426;0000;;;18,26;
190427;0000;;;18,28;
190428;0000;;;18,67;
190429;0000;;;18,37;
190430;0000;;;18,95;
190501;0000;;;18,48;
190502;0000;;;20,01;
190503;0000;;;19,41;
190504;0000;;;17,64;
190505;0000;;;19,77;
190506;0000;;;22,5;
190507;0000;;;21,83;
190508;0000;;;22,1;
190509;0000;;;21,86;
190510;0000;;;22,77;
190511;0000;;;22,81;
190512;0000;;;22,75;
190513;0000;;;23,41;
190514;0000;;;24,69;
190515;0000;;;23,93;
190516;0000;;;22,44;
190517;0000;;;22,51;
190518;0000;;;22,73;
190519;0000;;;22,94;
190520;0000;;;22,26;
190521;0000;;;22,3;
190522;0000;;;34,97;
190523;0000;;;24,65;
190524;0000;;;24,08;
190525;0000;;;24,04;
190526;0000;;;19,79;
190527;0000;;;19,88;
190528;0000;;;20,54;
190529;0000;;;22,16;
190530;0000;;;25,21;
190531;0000;;;21,98;
190601;0000;;;20,64;
190602;0000;;;20,35;
190603;0000;;;21,42;
190604;0000;;;21,14;
190605;0000;;;20,23;
190606;0000;;;19,31;
190607;0000;;;19,67;
190608;0000;;;20,36;
190609;0000;;;19,63;
190610;0000;;;20,72;
190611;0000;;;20,03;
190612;0000;;;18,84;
190613;0000;;;19;
190614;0000;;;18,59;
190615;0000;;;18,75;
190616;0000;;;19,54;
190617;0000;;;18,98;
190618;0000;;;24,37;
190619;0000;;;25,89;
190620;0000;;;23,44;
190621;0000;;;22,01;
190622;0000;;;22,7;
190623;0000;;;21,85;
190624;0000;;;22,43;
190625;0000;;;23,25;
190626;0000;;;25,16;
190627;0000;;;25,22;
190628;0000;;;24,29;
190629;0000;;;21,73;
190630;0000;;;22,51;
190701;0000;;;24,29;
190702;0000;;;23,55;
190703;0000;;;22,82;
190704;0000;;;23,09;
190705;0000;;;23,75;
190706;0000;;;22,6;
190707;0000;;;22,05;
190708;0000;;;22,88;
190709;0000;;;21,82;
190710;0000;;;22,65;
190711;0000;;;22,14;
190712;0000;;;21,89;
190713;0000;;;22,42;
190714;0000;;;22,85;
190715;0000;;;24,13;
190716;0000;;;22,51;
190717;0000;;;22,54;
190718;0000;;;22,71;
190719;0000;;;23,32;
190720;0000;;;22,14;
190721;0000;;;20,5;
190722;0000;;;21,1;
190723;0000;;;21,56;
190724;0000;;;23,46;
190725;0000;;;22,28;
190726;0000;;;23,27;
190727;0000;;;24,3;
190728;0000;;;22,28;
190729;0000;;;21,79;
190730;0000;;;24,16;
190731;0000;;;21,67;
190801;0000;;;21,29;
190802;0000;;;23,65;
190803;0000;;;24,29;
190804;0000;;;23,19;
190805;0000;;;22,21;
190806;0000;;;20,19;
190807;0000;;;21,52;
190808;0000;;;21,34;
190809;0000;;;22,99;
190810;0000;;;25,22;
190811;0000;;;22,94;
190812;0000;;;22,15;
190813;0000;;;23,7;
190814;0000;;;22,01;
190815;0000;;;23,9;
190816;0000;;;22,42;
190817;0000;;;22,39;
190818;0000;;;24,34;
190819;0000;;;24,73;
190820;0000;;;24,56;
190821;0000;;;24,97;
190822;0000;;;25;
190823;0000;;;24,89;
190824;0000;;;25,17;
190825;0000;;;24,46;
190826;0000;;;25,08;
190827;0000;;;26,46;
190828;0000;;;27,14;
190829;0000;;;24,57;
190830;0000;;;24,7;
190831;0000;;;25,47;
190901;0000;;;26,14;
190902;0000;;;26,06;
190903;0000;;;27,28;
190904;0000;;;25,55;
190905;0000;;;22,7;
190906;0000;;;24,05;
190907;0000;;;23,24;
190908;0000;;;22,32;
190909;0000;;;22,28;
190910;0000;;;23,04;
190911;0000;;;24,83;
190912;0000;;;24,38;
190913;0000;;;27,46;
190914;0000;;;23,08;
190915;0000;;;23,55;
190916;0000;;;23,43;
190917;0000;;;24,07;
190918;0000;;;24,14;
190919;0000;;;22,86;
190920;0000;;;23,38;
190921;0000;;;23,35;
190922;0000;;;23,73;
190923;0000;;;23,65;
190924;0000;;;28,15;
190925;0000;;;25,61;
190926;0000;;;22,99;
190927;0000;;;22,93;
190928;0000;;;24,16;
190929;0000;;;23,01;
190930;0000;;;23,03;
191001;0000;;;22,59;
191002;0000;;;23,32;
191003;0000;;;23,56;
191004;0000;;;24,25;
191005;0000;;;24,26;
191006;0000;;;24,65;
191007;0000;;;24,01;
191008;0000;;;25,03;
191009;0000;;;24,57;
191010;0000;;;25,07;
191011;0000;;;24,55;
191012;0000;;;25,28;
191013;0000;;;25,69;
191014;0000;;;24,1;
191015;0000;;;23,71;
191016;0000;;;24,7;
191017;0000;;;23,78;
191018;0000;;;24,6;
191019;0000;;;23,83;
191020;0000;;;22,47;
191021;0000;;;24,14;
191022;0000;;;23,99;
191023;0000;;;24,58;
191024;0000;;;24,37;
191025;0000;;;24,67;
191026;0000;;;23,99;
191027;0000;;;23,47;
191028;0000;;;23,59;
191029;0000;;;22,99;
191030;0000;;;26,32;
191031;0000;;;24,9;
191101;0000;;;24,18;
191102;0000;;;24,38;
191103;0000;;;24,3;
191104;0000;;;23,87;
191105;0000;;;25,02;
191106;0000;;;25,79;
191107;0000;;;25,44;
191108;0000;;;26,27;
191109;0000;;;25,31;
191110;0000;;;26,13;
191111;0000;;;27,1;
191112;0000;;;24,98;
191113;0000;;;26,93;
191114;0000;;;26,72;
191115;0000;;;26,03;
191116;0000;;;24,91;
191117;0000;;;25,62;
191118;0000;;;25,15;
191119;0000;;;25,53;
191120;0000;;;25,62;
191121;0000;;;26,1;
191122;0000;;;26,19;
191123;0000;;;25,08;
191124;0000;;;23,79;
191125;0000;;;24,59;
191126;0000;;;24,92;
191127;0000;;;26,39;
191128;0000;;;25,62;
191129;0000;;;28;
191130;0000;;;27,05;
191201;0000;;;25,5;
191202;0000;;;27,29;
191203;0000;;;25,86;
191204;0000;;;25,92;
191205;0000;;;26,34;
191206;0000;;;26,11;
191207;0000;;;28,35;
191208;0000;;;26,14;
191209;0000;;;24,68;
191210;0000;;;25,37;
191211;0000;;;27,36;
191212;0000;;;26,25;
191213;0000;;;26,92;
191214;0000;;;26,94;
191215;0000;;;25,26;
191216;0000;;;25,4;
191217;0000;;;25,8;
191218;0000;;;25,75;
191219;0000;;;25,05;
191220;0000;;;24,73;
191221;0000;;;24,73;
191222;0000;;;26,15;
191223;0000;;;25,9;
191224;0000;;;24,78;
191225;0000;;;23,47;
191226;0000;;;24,83;
191227;0000;;;24,82;
191228;0000;;;25,6;
191229;0000;;;25,09;
191230;0000;;;25,64;
191231;0000;;;24,96;
200101;0000;;;24,42;
200102;0000;;;25,02;
200103;0000;;;24,93;
200104;0000;;;26,93;
200105;0000;;;25,3;
200106;0000;;;22,89;
200107;0000;;;24,82;
200108;0000;;;25,24;
200109;0000;;;25,29;
200110;0000;;;26,16;
200111;0000;;;26,46;
200112;0000;;;25,8;
200113;0000;;;26,48;
200114;0000;;;26,09;
200115;0000;;;26,7;
200116;0000;;;26,88;
200117;0000;;;27,32;
200118;0000;;;26,8;
200119;0000;;;25,83;
200120;0000;;;25,86;
200121;0000;;;26,01;
200122;0000;;;25,58;
200123;0000;;;25,01;
200124;0000;;;25,63;
200125;0000;;;25,54;
200126;0000;;;25,63;
200127;0000;;;25,25;
200128;0000;;;25,57;
200129;0000;;;25,13;
